location,report_date,season,season_week,total_mosquito,culex_annulirostris,aedes_vigilax,mos_sindbis,mos_ross_river,mos_kunjin,mos_edge_hill,mos_barmah_forest,mos_stratford,mos_kokobera,mos_unknown,mos_murray_valley_encephalitis,sc_num_tested,sc_num_pos,sc_murray_valley_encephalitis,sc_kunjin,sc_japanese_encephalitis,rain_cumulative,temperature_max_avg,temperature_max,temperature_min_avg,temperature_min
Albury,2015-11-07,2015/2016,19,6,0,0,,,,,,,,,,,,,,,63.28,25,28.3,15.3,12.8
Albury,2015-11-14,2015/2016,20,10,3,0,,,,,,,,,,,,,,,22.6,27.4,32,14,9.3
Albury,2015-11-21,2015/2016,21,12,1,0,,,,,,,,,,,,,,,0,30.1,36.7,13.9,11.3
Albury,2015-11-28,2015/2016,22,26,9,0,,,,,,,,,,,,,,,0,26.2,33.1,10.2,5
Albury,2015-12-05,2015/2016,23,24,16,0,,,,,,,,,,,,,,,0.41,28.1,31.7,11.1,7.5
Albury,2015-12-12,2015/2016,24,7,3,0,,,,,,,,,,,,,,,10.84,31.1,35.3,17.4,14
Albury,2015-12-19,2015/2016,25,20,6,0,,,,,,,,,,,,,,,0,31.8,36.2,13.2,7.8
Albury,2015-12-26,2015/2016,26,,,,,,,,,,,,,,,,,,11.87,32.5,40.7,17.5,14.9
Albury,2016-01-02,2015/2016,27,,,,,,,,,,,,,,,,,,13.06,30.4,36.5,15.4,10.5
Albury,2016-01-09,2015/2016,28,6,1,0,,,,,,,,,,,,,,,31.06,26.9,32.7,16.8,13.9
Albury,2016-01-16,2015/2016,29,15,7,0,,,,,,,,,,,,,,,0.32,34.8,42.4,18.2,10.7
Albury,2016-01-23,2015/2016,30,16,3,0,,,,,,,,,,,,,,,0.08,32.5,39,17.2,10.4
Albury,2016-01-30,2015/2016,31,,,,,,,,,,,,,,,,,,39.85,29.9,33.5,17.5,16.7
Albury,2016-02-06,2015/2016,32,16,4,0,,,,,,,,,,,,,,,34.92,27.1,29.8,13.9,10.1
Albury,2016-02-13,2015/2016,33,20,14,0,,,,,,,,,,,,,,,0,33.5,34.7,16.2,14.4
Albury,2016-02-20,2015/2016,34,20,10,0,,,,,,,,,,,,,,,0,29.9,37,14.2,10.2
Albury,2016-02-27,2015/2016,35,48,32,0,,,,,,,,,,,,,,,0.22,35,40.3,17.7,13.7
Albury,2016-03-05,2015/2016,36,14,4,0,,,,,,,,,,,,,,,0,34.2,36.8,15.8,14.3
Albury,2016-03-12,2015/2016,37,12,7,0,,,,,,,,,,,,,,,2.41,36.5,38,20.5,18.1
Albury,2016-03-19,2015/2016,38,0,0,0,,,,,,,,,,,,,,,18.52,30.9,34.8,18.6,15.9
Albury,2016-03-26,2015/2016,39,6,0,0,,,,,,,,,,,,,,,12.37,25,27.8,11.9,8.9
Albury,2016-04-02,2015/2016,40,8,1,0,,,,,,,,,,,,,,,1.43,25.2,26.6,10.4,8.6
Albury,2016-04-09,2015/2016,41,9,0,0,,,,,,,,,,,,,,,0.09,25.8,31.1,8.7,6
Albury,2016-04-16,2015/2016,42,6,0,0,,,,,,,,,,,,,,,0.69,25,27.6,8.4,4.8
Albury,2016-04-23,2015/2016,43,6,0,0,,,,,,,,,,,,,,,6.73,25.2,28.3,10.9,8.4
Albury,2016-04-30,2015/2016,44,,,,,,,,,,,,,,,,,,0,25.1,27.6,9,5.3
Albury,2016-05-07,2015/2016,45,,,,,,,,,,,,,,,,,,14.14,20,23.9,9.7,4.1
Albury,2016-05-14,2015/2016,46,,,,,,,,,,,,,,,,,,73.51,18.1,23.3,11.6,7.6
Albury,2016-05-21,2015/2016,47,,,,,,,,,,,,,,,,,,4.87,18.6,21.5,9,6.8
Albury,2016-05-28,2015/2016,48,,,,,,,,,,,,,,,,,,21.37,15.6,20.9,6.3,3
Ballina,2015-11-07,2015/2016,19,,,,,,,,,,,,,,,,,,47.72,27.2,29.3,17.4,13.6
Ballina,2015-11-14,2015/2016,20,,,,,,,,,,,,,,,,,,44.24,25.4,28.8,16.9,14.7
Ballina,2015-11-21,2015/2016,21,,,,,,,,,,,,,,,,,,44.33,27.1,33.2,16.5,14.2
Ballina,2015-11-28,2015/2016,22,,,,,,,,,,,,,,,,,,29.75,29.3,34.4,20.3,19.2
Ballina,2015-12-05,2015/2016,23,262,6,4,,,,,,,,,,,,,,,57.38,26.9,31.3,19.8,16.1
Ballina,2015-12-12,2015/2016,24,60,2,0,,,,,,,,,,,,,,,26.72,28.2,32.9,17.2,15.1
Ballina,2015-12-19,2015/2016,25,149,0,0,,,,,,,,,,,,,,,27.97,26.7,28.5,19.1,16
Ballina,2015-12-26,2015/2016,26,50,0,0,,,,,,,,,,,,,,,21.49,27.4,29.5,18.1,16.2
Ballina,2016-01-02,2015/2016,27,,,,,,,,,,,,,,,,,,56.1,26,28.5,18.2,16.7
Ballina,2016-01-09,2015/2016,28,134,2,2,,,,,,,,,,,,,,,61.35,25.7,27.7,18.1,16.2
Ballina,2016-01-16,2015/2016,29,124,2,0,,,,,,,,,,,,,,,0,28.8,31.2,19,17.1
Ballina,2016-01-23,2015/2016,30,70,6,0,,,,,,,,,,,,,,,27.89,28.3,32.2,17.9,16.2
Ballina,2016-01-30,2015/2016,31,28,1,0,,,,,,,,,,,,,,,10.99,28.8,32.6,20.2,18.6
Ballina,2016-02-06,2015/2016,32,206,2,0,,,,,,,,,,,,,,,39.24,30.9,33.7,21.7,19.5
Ballina,2016-02-13,2015/2016,33,278,3,1,,,,,,,,,,,,,,,49.18,27.1,28,19.9,17.4
Ballina,2016-02-20,2015/2016,34,219,2,0,,,,,,,,,,,,,,,4.96,29.7,32.3,20.5,18.6
Ballina,2016-02-27,2015/2016,35,388,0,0,,,,,,,,,,,,,,,2.29,29.3,30.6,19.4,16.9
Ballina,2016-03-05,2015/2016,36,400,23,0,,,,,,,,,,,,,,,113.62,27.5,28.8,21,19.8
Ballina,2016-03-12,2015/2016,37,108,0,0,,,,,,,,,,,,,,,21.68,28.3,28.7,19.7,18.1
Ballina,2016-03-19,2015/2016,38,1908,20,8,,,,,,,,,,,,,,,82,27.5,29,20.1,18.3
Ballina,2016-03-26,2015/2016,39,846,12,2,,,,,,,,,,,,,,,22.51,26.4,27.7,17.9,16.2
Ballina,2016-04-02,2015/2016,40,1556,40,3,,,,,,,,,,,,,,,49.09,27.5,29.4,17.9,16.1
Ballina,2016-04-09,2015/2016,41,412,6,0,,,,,,,,,,,,,,,2.89,27.9,29.3,17.6,14.4
Ballina,2016-04-16,2015/2016,42,785,19,0,,,,,,,,,,,,,,,38.48,26.7,29.6,18.1,15.3
Ballina,2016-04-23,2015/2016,43,710,12,2,,,,,,,,,,,,,,,5.77,25.4,27,16,14.8
Ballina,2016-04-30,2015/2016,44,554,16,1,,,,,,,,,,,,,,,20.82,24.7,25.3,16.7,15
Ballina,2016-05-07,2015/2016,45,155,3,0,,,,,,,,,,,,,,,7.91,25.9,27.3,15.4,12.2
Ballina,2016-05-14,2015/2016,46,273,4,0,,,,,,,,,,,,,,,0.28,25.3,28,13.9,7.5
Ballina,2016-05-21,2015/2016,47,116,0,0,,,,,,,,,,,,,,,0.21,25.4,26.5,11.3,10.4
Ballina,2016-05-28,2015/2016,48,166,0,0,,,,,,,,,,,,,,,3.4,24.5,27.1,11.9,6.7
Blacktown,2015-11-07,2015/2016,19,,,,,,,,,,,,,,,,,,50.09,25.6,31.9,15.8,12.8
Blacktown,2015-11-14,2015/2016,20,,,,,,,,,,,,,,,,,,5.77,26.1,29.9,14.9,11.9
Blacktown,2015-11-21,2015/2016,21,,,,,,,,,,,,,,,,,,46.54,29.5,40.4,14.9,11.2
Blacktown,2015-11-28,2015/2016,22,,,,,,,,,,,,,,,,,,0,28.3,37,15.9,14
Blacktown,2015-12-05,2015/2016,23,,,,,,,,,,,,,,,,,,1.03,27.9,39,16,11.2
Blacktown,2015-12-12,2015/2016,24,,,,,,,,,,,,,,,,,,3.86,30.7,35.5,17.2,11.5
Blacktown,2015-12-19,2015/2016,25,,,,,,,,,,,,,,,,,,10.74,29.4,34.9,16.4,14.3
Blacktown,2015-12-26,2015/2016,26,,,,,,,,,,,,,,,,,,41.03,29,39.7,16.9,14.4
Blacktown,2016-01-02,2015/2016,27,,,,,,,,,,,,,,,,,,5.49,26.8,29.9,14.6,11.8
Blacktown,2016-01-09,2015/2016,28,,,,,,,,,,,,,,,,,,163.8,23.6,28.2,16.2,13.1
Blacktown,2016-01-16,2015/2016,29,,,,,,,,,,,,,,,,,,34.83,32.3,40,17.8,12.8
Blacktown,2016-01-23,2015/2016,30,,,,,,,,,,,,,,,,,,26.86,31,38.6,17.3,13.4
Blacktown,2016-01-30,2015/2016,31,,,,,,,,,,,,,,,,,,16.2,27.2,31.1,19.9,19.2
Blacktown,2016-02-06,2015/2016,32,,,,,,,,,,,,,,,,,,46.5,28.1,32.1,17.5,14.5
Blacktown,2016-02-13,2015/2016,33,32,18,0,,,,,,,,,,,,,,,0.77,29,31.1,17.4,16.5
Blacktown,2016-02-20,2015/2016,34,41,12,0,,,,,,,,,,,,,,,0,31.3,37.5,18.1,15.3
Blacktown,2016-02-27,2015/2016,35,23,4,0,,,,,,,,,,,,,,,8.31,32.3,40.5,19.6,17.4
Blacktown,2016-03-05,2015/2016,36,12,8,0,,,,,,,,,,,,,,,0.39,30.6,34,18.1,16.9
Blacktown,2016-03-12,2015/2016,37,32,11,0,,,,,,,,,,,,,,,0,32.2,34.9,18.9,16.1
Blacktown,2016-03-19,2015/2016,38,65,22,0,,,,,,,,,,,,,,,8.2,29.6,33.4,19,17.2
Blacktown,2016-03-26,2015/2016,39,14,6,0,,,,,,,,,,,,,,,9.27,25.6,29.9,14.2,11.5
Blacktown,2016-04-02,2015/2016,40,26,5,0,,,,,,,,,,,,,,,3.06,27.1,29.3,16,12.3
Blacktown,2016-04-09,2015/2016,41,38,26,0,,,,,,,,,,,,,,,0.69,27.4,36,16.5,13.9
Blacktown,2016-04-16,2015/2016,42,,,,,,,,,,,,,,,,,,0.19,26.1,29.3,13.4,11
Blacktown,2016-04-23,2015/2016,43,20,2,0,,,,,,,,,,,,,,,2.64,26.2,29.2,14.4,12.8
Blacktown,2016-04-30,2015/2016,44,,,,,,,,,,,,,,,,,,7.64,24.3,27.1,12,10.3
Blacktown,2016-05-07,2015/2016,45,,,,,,,,,,,,,,,,,,2.8,25.7,28,11.3,8.4
Blacktown,2016-05-14,2015/2016,46,,,,,,,,,,,,,,,,,,3.8,23.7,25.6,11.8,7.3
Blacktown,2016-05-21,2015/2016,47,,,,,,,,,,,,,,,,,,0,24.7,28,8.3,6.4
Blacktown,2016-05-28,2015/2016,48,,,,,,,,,,,,,,,,,,0.21,22.3,27.1,8.5,4.6
Bourke,2015-11-07,2015/2016,19,,,,,,,,,,,,,,,,,,52.84,32.2,35.4,19.3,17.7
Bourke,2015-11-14,2015/2016,20,,,,,,,,,,,,,,,,,,13.53,33.4,36.7,19.4,15.6
Bourke,2015-11-21,2015/2016,21,,,,,,,,,,,,,,,,,,2.85,35.3,42.3,18.8,14.7
Bourke,2015-11-28,2015/2016,22,19,6,0,,,,,,,,,,,,,,,0,34.1,40.4,17,13.6
Bourke,2015-12-05,2015/2016,23,34,5,0,,,,,,,,,,,,,,,0.05,34.5,38.2,18.2,15.3
Bourke,2015-12-12,2015/2016,24,,,,,,,,,,,,,,,,,,7.22,38.3,40.8,23.7,21.2
Bourke,2015-12-19,2015/2016,25,,,,,,,,,,,,,,,,,,0.08,37.2,39.5,20.7,16.4
Bourke,2015-12-26,2015/2016,26,,,,,,,,,,,,,,,,,,1.44,36.9,41.5,23.5,20.6
Bourke,2016-01-02,2015/2016,27,,,,,,,,,,,,,,,,,,4.06,34.7,37.9,20.9,16.9
Bourke,2016-01-09,2015/2016,28,,,,,,,,,,,,,,,,,,6.99,32.4,36.2,19.7,17.6
Bourke,2016-01-16,2015/2016,29,,,,,,,,,,,,,,,,,,1.66,39.5,43.5,23,16
Bourke,2016-01-23,2015/2016,30,47,3,0,,,,,,,,,,,,,,,6.96,36.8,40.9,22.3,16.5
Bourke,2016-01-30,2015/2016,31,,,,,,,,,,,,,,,,,,15.85,36.7,39.6,23.8,22.2
Bourke,2016-02-06,2015/2016,32,17,1,0,,,,,,,,,,,,,,,0.97,34.1,37,20.4,15.1
Bourke,2016-02-13,2015/2016,33,,,,,,,,,,,,,,,,,,0.21,36.9,39.4,21.5,19.8
Bourke,2016-02-20,2015/2016,34,18,8,0,,,,,,,,,,,,,,,0,37.1,42.2,20.9,16.9
Bourke,2016-02-27,2015/2016,35,,,,,,,,,,,,,,,,,,0,40.2,42.2,24.4,22.6
Bourke,2016-03-05,2015/2016,36,15,4,0,,,,,,,,,,,,,,,0.29,39.1,39.8,24.6,23.3
Bourke,2016-03-12,2015/2016,37,1,0,0,,,,,,,,,,,,,,,0.48,37.9,38.9,23.6,22.6
Bourke,2016-03-19,2015/2016,38,,,,,,,,,,,,,,,,,,2.68,36.2,39.7,23.6,21.6
Bourke,2016-03-26,2015/2016,39,,,,,,,,,,,,,,,,,,0,30.8,34.9,14.8,12.9
Bourke,2016-04-02,2015/2016,40,,,,,,,,,,,,,,,,,,2.77,29.7,33.1,15.1,9.6
Bourke,2016-04-09,2015/2016,41,,,,,,,,,,,,,,,,,,0,34.2,37.9,16.6,12
Bourke,2016-04-16,2015/2016,42,,,,,,,,,,,,,,,,,,0,30.9,32.6,16.5,13.6
Bourke,2016-04-23,2015/2016,43,,,,,,,,,,,,,,,,,,0.21,31.7,33.8,15.8,14.6
Bourke,2016-04-30,2015/2016,44,,,,,,,,,,,,,,,,,,0,28.9,31.4,15.3,13
Bourke,2016-05-07,2015/2016,45,,,,,,,,,,,,,,,,,,23.45,25.6,28.8,14,10.3
Bourke,2016-05-14,2015/2016,46,,,,,,,,,,,,,,,,,,70.72,23.6,29.4,13.4,7.2
Bourke,2016-05-21,2015/2016,47,,,,,,,,,,,,,,,,,,0.03,24.5,26.6,10.9,8.8
Bourke,2016-05-28,2015/2016,48,,,,,,,,,,,,,,,,,,5.06,22.8,29,9.6,4.2
Central Coast,2015-11-07,2015/2016,19,,,,,,,,,,,,,,,,,,51.65,24.8,29.9,16,12.9
Central Coast,2015-11-14,2015/2016,20,,,,,,,,,,,,,,,,,,34.31,24.6,28,14.6,11.8
Central Coast,2015-11-21,2015/2016,21,,,,,,,,,,,,,,,,,,45.65,28,39.7,14.7,10.5
Central Coast,2015-11-28,2015/2016,22,,,,,,,,,,,,,,,,,,0.08,27.1,38.4,16.1,13.6
Central Coast,2015-12-05,2015/2016,23,,,,,,,,,,,,,,,,,,3.74,26.1,37,16.1,11.2
Central Coast,2015-12-12,2015/2016,24,42,0,6,,,,,,,,,,,,,,,21.16,29,35.5,16.5,11.5
Central Coast,2015-12-19,2015/2016,25,34,1,3,,,,,,,,,,,,,,,26.57,26.8,30,16.3,14.5
Central Coast,2015-12-26,2015/2016,26,15,0,1,,,,,,,,,,,,,,,92.59,26.8,35.3,16.6,14.5
Central Coast,2016-01-02,2015/2016,27,,,,,,,,,,,,,,,,,,15.75,24.4,29.2,14.4,11.6
Central Coast,2016-01-09,2015/2016,28,44,0,12,,,,,,,,,,,,,,,196.62,22.5,25.6,16.3,13.8
Central Coast,2016-01-16,2015/2016,29,61,0,4,,,,,,,,,,,,,,,39.08,30.6,39.1,17.9,13.6
Central Coast,2016-01-23,2015/2016,30,87,0,1,,,,,,,,,,,,,,,33.06,29.5,37,17.2,13.3
Central Coast,2016-01-30,2015/2016,31,12,0,0,,,,,,,,,,,,,,,42.33,26.6,29.1,19.9,18.7
Central Coast,2016-02-06,2015/2016,32,136,2,20,,,,,,,,,,,,,,,18.91,27.4,30.6,17.5,14.6
Central Coast,2016-02-13,2015/2016,33,58,4,1,,,,,,,,,,,,,,,2.11,27.2,28.6,17.4,16.3
Central Coast,2016-02-20,2015/2016,34,94,0,3,,,,,,,,,,,,,,,0.23,29.5,36.4,18.6,16.2
Central Coast,2016-02-27,2015/2016,35,53,0,1,,,,,,,,,,,,,,,8.55,30.3,38.7,19.2,17
Central Coast,2016-03-05,2015/2016,36,,,,,,,,,,,,,,,,,,0.99,28.6,30.9,17.9,16.7
Central Coast,2016-03-12,2015/2016,37,12,0,1,,,,,,,,,,,,,,,0.22,30.2,32.2,18.4,16.1
Central Coast,2016-03-19,2015/2016,38,60,7,6,,,,,,,,,,,,,,,54.26,27.3,30.6,18.6,17
Central Coast,2016-03-26,2015/2016,39,23,11,0,,,,,,,,,,,,,,,23.82,23.8,27.8,13.9,12.6
Central Coast,2016-04-02,2015/2016,40,105,2,24,,,,,,,,,,,,,,,13.55,26.1,27.3,15.9,13.6
Central Coast,2016-04-09,2015/2016,41,160,4,26,,,,,,,,,,,,,,,5.22,26.2,33.8,16.2,14.6
Central Coast,2016-04-16,2015/2016,42,110,7,12,,,,,,,,,,,,,,,6.51,24.3,27.1,13.4,11.2
Central Coast,2016-04-23,2015/2016,43,30,2,0,,,,,,,,,,,,,,,11.5,24.3,27.1,14.2,13
Central Coast,2016-04-30,2015/2016,44,,,,,,,,,,,,,,,,,,9.13,23.2,26.2,12.2,10.1
Central Coast,2016-05-07,2015/2016,45,,,,,,,,,,,,,,,,,,11.96,24,25.1,12.5,9.9
Central Coast,2016-05-14,2015/2016,46,,,,,,,,,,,,,,,,,,1.72,22.9,24.7,12.5,8.6
Central Coast,2016-05-21,2015/2016,47,,,,,,,,,,,,,,,,,,0,24,27,9.1,7.5
Central Coast,2016-05-28,2015/2016,48,,,,,,,,,,,,,,,,,,1.3,21.9,27.2,9.2,6.2
Coffs Harbour,2015-11-07,2015/2016,19,,,,,,,,,,,,,,,,,,44.86,25.6,28.6,17.1,14.7
Coffs Harbour,2015-11-14,2015/2016,20,,,,,,,,,,,,,,,,,,17.6,24.3,27.4,15.5,11.3
Coffs Harbour,2015-11-21,2015/2016,21,,,,,,,,,,,,,,,,,,54.99,26.6,35.1,15.2,13.3
Coffs Harbour,2015-11-28,2015/2016,22,,,,,,,,,,,,,,,,,,3.63,27.6,34.1,18.2,16.1
Coffs Harbour,2015-12-05,2015/2016,23,,,,,,,,,,,,,,,,,,86.89,25.4,31.1,17.4,14.2
Coffs Harbour,2015-12-12,2015/2016,24,20,1,1,,,,,,,,,,,,,,,15.68,27.7,32.7,15.9,12.3
Coffs Harbour,2015-12-19,2015/2016,25,13,2,3,,,,,,,,,,,,,,,15.78,25.9,27.8,17.1,14.4
Coffs Harbour,2015-12-26,2015/2016,26,,,,,,,,,,,,,,,,,,78.99,26.3,30,17.7,14.9
Coffs Harbour,2016-01-02,2015/2016,27,,,,,,,,,,,,,,,,,,2.73,25.2,28,16.7,14.9
Coffs Harbour,2016-01-09,2015/2016,28,26,7,0,,,,,,,,,,,,,,,26.7,24.8,27.2,17.2,15.7
Coffs Harbour,2016-01-16,2015/2016,29,13,1,1,,,,,,,,,,,,,,,0.49,27.9,31.3,18.3,15
Coffs Harbour,2016-01-23,2015/2016,30,17,5,0,,,,,,,,,,,,,,,27.72,27.4,31.8,16.4,14.8
Coffs Harbour,2016-01-30,2015/2016,31,,,,,,,,,,,,,,,,,,47.5,27,30.2,18.8,16.6
Coffs Harbour,2016-02-06,2015/2016,32,26,8,0,,,,,,,,,,,,,,,21.59,29.7,33.5,19.6,18
Coffs Harbour,2016-02-13,2015/2016,33,14,2,0,,,,,,,,,,,,,,,28.61,26.3,27.5,17.6,16.6
Coffs Harbour,2016-02-20,2015/2016,34,32,8,1,,,,,,,,,,,,,,,7.72,29.6,31.7,18.2,14.5
Coffs Harbour,2016-02-27,2015/2016,35,11,1,0,,,,,,,,,,,,,,,6.08,29.2,30.9,18.4,17
Coffs Harbour,2016-03-05,2015/2016,36,12,1,0,,,,,,,,,,,,,,,16.08,27.3,28,19.7,18.5
Coffs Harbour,2016-03-12,2015/2016,37,,,,,,,,,,,,,,,,,,23.2,27.9,29.3,18.3,16.7
Coffs Harbour,2016-03-19,2015/2016,38,,,,,,,,,,,,,,,,,,12.01,27.6,30.1,18.5,17.2
Coffs Harbour,2016-03-26,2015/2016,39,,,,,,,,,,,,,,,,,,9.22,25.5,27.9,16,13.7
Coffs Harbour,2016-04-02,2015/2016,40,,,,,,,,,,,,,,,,,,12.45,26.4,29.4,16.8,13.1
Coffs Harbour,2016-04-09,2015/2016,41,,,,,,,,,,,,,,,,,,2.85,27.1,29.9,16.3,14
Coffs Harbour,2016-04-16,2015/2016,42,,,,,,,,,,,,,,,,,,37.87,25.5,27.9,16.7,13.2
Coffs Harbour,2016-04-23,2015/2016,43,,,,,,,,,,,,,,,,,,16.09,24.2,25.9,13.8,11
Coffs Harbour,2016-04-30,2015/2016,44,,,,,,,,,,,,,,,,,,44.12,23,24.6,14.8,13.2
Coffs Harbour,2016-05-07,2015/2016,45,,,,,,,,,,,,,,,,,,6.85,25.2,26.3,13.5,9.4
Coffs Harbour,2016-05-14,2015/2016,46,,,,,,,,,,,,,,,,,,0.11,24.7,26.3,11.8,4.6
Coffs Harbour,2016-05-21,2015/2016,47,,,,,,,,,,,,,,,,,,0.32,24.6,25.8,10,6.9
Coffs Harbour,2016-05-28,2015/2016,48,,,,,,,,,,,,,,,,,,2.98,22.8,25.9,9.7,3.6
Georges River,2015-11-07,2015/2016,19,,,,,,,,,,,,,,,,,,36.85,25.2,31.1,16.6,14.7
Georges River,2015-11-14,2015/2016,20,,,,,,,,,,,,,,,,,,6.85,25,29.1,15.6,12.2
Georges River,2015-11-21,2015/2016,21,,,,,,,,,,,,,,,,,,38.7,28.8,41.1,15.4,11.8
Georges River,2015-11-28,2015/2016,22,,,,,,,,,,,,,,,,,,0,27,37.5,16.7,14.3
Georges River,2015-12-05,2015/2016,23,,,,,,,,,,,,,,,,,,0,26.3,38,16.8,12.4
Georges River,2015-12-12,2015/2016,24,386,3,277,,,,,,,,,,,,,,,9.75,29.1,35.3,18,12.7
Georges River,2015-12-19,2015/2016,25,94,1,34,,,,,,,,,,,,,,,1,27.2,31.4,17.2,14.7
Georges River,2015-12-26,2015/2016,26,121,3,93,,,,,,,,,,,,,,,39.55,27.5,35.1,17.6,15.1
Georges River,2016-01-02,2015/2016,27,,,,,,,,,,,,,,,,,,4.15,25.1,28.6,15.3,12.7
Georges River,2016-01-09,2015/2016,28,34,3,21,,,,,,,,,,,,,,,116.25,23.1,25.9,16.8,14.3
Georges River,2016-01-16,2015/2016,29,129,1,76,,,,,,,,,,,,,,,41.9,30.7,39.4,18.4,13.3
Georges River,2016-01-23,2015/2016,30,230,26,113,,,,,,,,,,,,,,,29.15,30.1,38,17.9,13.9
Georges River,2016-01-30,2015/2016,31,,,,,,,,,,,,,,,,,,27.7,26.6,29.6,20.5,19.7
Georges River,2016-02-06,2015/2016,32,176,24,82,,,,,,,,,,,,,,,57.15,26.9,30.8,18.1,15.1
Georges River,2016-02-13,2015/2016,33,192,53,81,,,,,,,,,,,,,,,1.45,27.8,29.5,18.4,17.2
Georges River,2016-02-20,2015/2016,34,250,20,127,,,,,,,,,,,,,,,0.05,29.4,36.2,19.2,15.8
Georges River,2016-02-27,2015/2016,35,,,,,,,,,,,,,,,,,,13.35,30.8,38.5,20.5,18.9
Georges River,2016-03-05,2015/2016,36,34,12,6,,,,,,,,,,,,,,,0.35,29.1,31.3,19.4,18.4
Georges River,2016-03-12,2015/2016,37,94,38,18,,,,,,,,,,,,,,,0,30.2,32.8,19.7,17.9
Georges River,2016-03-19,2015/2016,38,100,58,8,,,,,,,,,,,,,,,33.65,28.2,31.4,19.3,18.3
Georges River,2016-03-26,2015/2016,39,23,9,7,,,,,,,,,,,,,,,26.35,24.1,28.9,14.9,13.8
Georges River,2016-04-02,2015/2016,40,132,13,103,,,,,,,,,,,,,,,5.55,25.6,27.6,16.9,14.2
Georges River,2016-04-09,2015/2016,41,,,,,,,,,,,,,,,,,,10.65,26.2,34.7,17.4,15.8
Georges River,2016-04-16,2015/2016,42,74,18,24,,,,,,,,,,,,,,,5.4,24.7,28.1,14.6,13.2
Georges River,2016-04-23,2015/2016,43,40,15,11,,,,,,,,,,,,,,,14.5,24.8,27.4,15.3,13.8
Georges River,2016-04-30,2015/2016,44,15,1,2,,,,,,,,,,,,,,,11.85,23.6,26.4,13.2,11.4
Georges River,2016-05-07,2015/2016,45,,,,,,,,,,,,,,,,,,3.1,25.4,27.8,12.5,9.8
Georges River,2016-05-14,2015/2016,46,,,,,,,,,,,,,,,,,,3.1,23.5,25.5,12.7,8.1
Georges River,2016-05-21,2015/2016,47,,,,,,,,,,,,,,,,,,0,24.5,28,10.2,8.9
Georges River,2016-05-28,2015/2016,48,,,,,,,,,,,,,,,,,,0.1,22,27.2,10.3,6.8
Griffith,2015-11-07,2015/2016,19,35,1,0,,,,,,,,,,15,0,0,0,0,36.36,27.8,33.6,16.9,14.2
Griffith,2015-11-14,2015/2016,20,82,8,0,,,,,,,,,,15,0,0,0,0,4.68,29.6,35.1,14.8,9.5
Griffith,2015-11-21,2015/2016,21,141,12,0,,,,,,,,,,15,0,0,0,0,0.02,34.1,41.4,15.7,9.4
Griffith,2015-11-28,2015/2016,22,306,136,0,,,,,,,,,,15,0,0,0,0,0,28.1,36.8,11.2,8.4
Griffith,2015-12-05,2015/2016,23,310,152,0,,,,,,,,,,15,0,0,0,0,0,29.8,35,13.2,10
Griffith,2015-12-12,2015/2016,24,369,118,0,,,,,,,,,,15,0,0,0,0,9.47,34.5,40.4,18.6,15.2
Griffith,2015-12-19,2015/2016,25,992,489,0,,,,,,,,,,15,0,0,0,0,0,34.3,38,16.6,9.5
Griffith,2015-12-26,2015/2016,26,1727,582,0,,,,,,,,,,14,0,0,0,0,9.66,34,42.3,20.5,15.8
Griffith,2016-01-02,2015/2016,27,,,,,,,,,,,,,,,,,,13.78,31.9,38.9,16.4,11.2
Griffith,2016-01-09,2015/2016,28,1012,642,0,,,,,,,,,,14,0,0,0,0,10.65,30.5,34.6,17.5,14.4
Griffith,2016-01-16,2015/2016,29,1627,1083,0,,,,,,,,,,14,0,0,0,0,0.94,37.1,45.2,20.5,11.8
Griffith,2016-01-23,2015/2016,30,2012,990,0,,,,,,,,,,14,0,0,0,0,0.77,33.9,39.7,20.4,14.5
Griffith,2016-01-30,2015/2016,31,988,763,0,,,,,,,,,,15,0,0,0,0,39.92,30.7,35.7,17.8,15.4
Griffith,2016-02-06,2015/2016,32,493,311,0,,,,,1,,,,,14,0,0,0,0,13.6,27.9,31.4,15.3,13.1
Griffith,2016-02-13,2015/2016,33,1220,1022,0,,,,,,,,,,14,0,0,0,0,0,35.7,38.1,17.9,15.7
Griffith,2016-02-20,2015/2016,34,668,574,0,,,,,,,,,,14,0,0,0,0,0,32,39.9,16.1,12.4
Griffith,2016-02-27,2015/2016,35,790,589,0,,,,,,,,,,14,0,0,0,0,0,37.3,41.6,20.2,15.5
Griffith,2016-03-05,2015/2016,36,468,316,0,,,,,,,,,,,,,,,0.63,36.8,39.8,18.1,13.5
Griffith,2016-03-12,2015/2016,37,323,213,0,,,,,,,,,,,,,,,0.86,38.7,39.7,23.3,22
Griffith,2016-03-19,2015/2016,38,79,40,0,,,,,,,,,,14,0,0,0,0,10.29,32.9,37.2,20.6,19.7
Griffith,2016-03-26,2015/2016,39,64,40,0,,,,,,,,,,14,0,0,0,0,2.95,27,31.6,12.7,7.6
Griffith,2016-04-02,2015/2016,40,30,17,0,,,,,,,,,,14,0,0,0,0,0.1,25.7,27.4,10.2,6.8
Griffith,2016-04-09,2015/2016,41,16,7,0,,,,,,,,,,,,,,,0.34,28.2,33.2,10.2,7.5
Griffith,2016-04-16,2015/2016,42,7,2,0,,,,,,,,,,,,,,,0.57,27,31.4,9.8,6.5
Griffith,2016-04-23,2015/2016,43,16,1,0,,,,,,,,,,,,,,,1.27,28,30.3,14.4,12.8
Griffith,2016-04-30,2015/2016,44,,,,,,,,,,,,,,,,,,0.08,26.4,29.4,12,6.4
Griffith,2016-05-07,2015/2016,45,,,,,,,,,,,,,,,,,,17.83,22.4,26.6,10.6,5.8
Griffith,2016-05-14,2015/2016,46,,,,,,,,,,,,,,,,,,44.2,19.7,23.8,12,6.4
Griffith,2016-05-21,2015/2016,47,,,,,,,,,,,,,,,,,,1.5,21.2,23.5,8.1,5.4
Griffith,2016-05-28,2015/2016,48,,,,,,,,,,,,,,,,,,14.76,18.6,26.5,7.7,3.7
Hawkesbury,2015-11-07,2015/2016,19,,,,,,,,,,,,,,,,,,60.4,24.7,30.5,14.8,11.5
Hawkesbury,2015-11-14,2015/2016,20,,,,,,,,,,,,,,,,,,23.46,25.3,29,13.7,11.1
Hawkesbury,2015-11-21,2015/2016,21,,,,,,,,,,,,,,,,,,35.63,28.2,38.8,13.8,9.9
Hawkesbury,2015-11-28,2015/2016,22,,,,,,,,,,,,,,,,,,0.35,28,36.6,14.8,12.6
Hawkesbury,2015-12-05,2015/2016,23,,,,,,,,,,,,,,,,,,1.97,27.6,37.6,15,10
Hawkesbury,2015-12-12,2015/2016,24,,,,,,,,,,,,,,,,,,9.33,30.7,34.5,15.7,10.3
Hawkesbury,2015-12-19,2015/2016,25,,,,,,,,,,,,,,,,,,25.37,29.1,33.6,15.2,13.5
Hawkesbury,2015-12-26,2015/2016,26,,,,,,,,,,,,,,,,,,102.61,27.7,38,16.2,13.9
Hawkesbury,2016-01-02,2015/2016,27,,,,,,,,,,,,,,,,,,7.31,25.6,28.5,13.5,10.7
Hawkesbury,2016-01-09,2015/2016,28,,,,,,,,,,,,,,,,,,180.05,22.4,26.7,15.2,12.1
Hawkesbury,2016-01-16,2015/2016,29,,,,,,,,,,,,,,,,,,39.82,31.6,39,17.2,12.1
Hawkesbury,2016-01-23,2015/2016,30,145,1,0,,,,,,,,,,,,,,,23.28,29.9,37.6,16.1,12.1
Hawkesbury,2016-01-30,2015/2016,31,,,,,,,,,,,,,,,,,,39.52,26.5,29.3,19,17.7
Hawkesbury,2016-02-06,2015/2016,32,107,12,0,,,,,,,,,,,,,,,28.88,27.4,31,16.3,13
Hawkesbury,2016-02-13,2015/2016,33,136,27,0,,,,,,,,,,,,,,,2.13,27.8,29.6,15.9,14.7
Hawkesbury,2016-02-20,2015/2016,34,74,14,0,,,,,,,,,,,,,,,0.37,30.9,37.4,16.9,14.3
Hawkesbury,2016-02-27,2015/2016,35,136,48,0,,,,,,,,,,,,,,,0.83,31.6,39.2,18.2,15.7
Hawkesbury,2016-03-05,2015/2016,36,62,20,0,,,,,,,,,,,,,,,1.02,29.8,33.2,16.6,15.3
Hawkesbury,2016-03-12,2015/2016,37,31,14,0,,,,,,,,,,,,,,,2.56,31.8,34.1,17.6,14
Hawkesbury,2016-03-19,2015/2016,38,61,50,0,,,,,,,,,,,,,,,24.41,28.3,32.2,17.9,15.8
Hawkesbury,2016-03-26,2015/2016,39,21,0,0,,,,,,,,,,,,,,,5.53,24.7,28.7,12.6,10.2
Hawkesbury,2016-04-02,2015/2016,40,25,14,0,,,,,,,,,,,,,,,3.02,26.8,28.6,14.4,11.3
Hawkesbury,2016-04-09,2015/2016,41,32,8,0,,,,,,,,,,,,,,,2.17,26.9,34.4,14.9,12.7
Hawkesbury,2016-04-16,2015/2016,42,20,4,0,,,,,,,,,,,,,,,0.88,25.5,29.3,12,9.4
Hawkesbury,2016-04-23,2015/2016,43,2,0,0,,,,,,,,,,,,,,,1.71,25,28.1,13,11.1
Hawkesbury,2016-04-30,2015/2016,44,,,,,,,,,,,,,,,,,,3.64,23.3,26.1,10.5,8.1
Hawkesbury,2016-05-07,2015/2016,45,,,,,,,,,,,,,,,,,,4.99,24.2,25.4,10.7,7.6
Hawkesbury,2016-05-14,2015/2016,46,,,,,,,,,,,,,,,,,,2.11,22.3,24.5,11.2,6.9
Hawkesbury,2016-05-21,2015/2016,47,,,,,,,,,,,,,,,,,,0,23.7,26.5,7.3,5.1
Hawkesbury,2016-05-28,2015/2016,48,,,,,,,,,,,,,,,,,,0.31,21.3,25.9,7.4,4.1
Hills Shire,2015-11-07,2015/2016,19,,,,,,,,,,,,,,,,,,66.31,25.3,31.3,15.7,12.6
Hills Shire,2015-11-14,2015/2016,20,,,,,,,,,,,,,,,,,,15.32,25.6,29,14.7,11.8
Hills Shire,2015-11-21,2015/2016,21,,,,,,,,,,,,,,,,,,44.75,29,40.1,14.9,11.2
Hills Shire,2015-11-28,2015/2016,22,,,,,,,,,,,,,,,,,,0,27.8,37.3,15.9,13.9
Hills Shire,2015-12-05,2015/2016,23,,,,,,,,,,,,,,,,,,0.22,27.3,38.3,16,11.1
Hills Shire,2015-12-12,2015/2016,24,,,,,,,,,,,,,,,,,,7.19,30.1,35.2,16.9,11.4
Hills Shire,2015-12-19,2015/2016,25,,,,,,,,,,,,,,,,,,16.31,28.5,33.3,16.3,14.2
Hills Shire,2015-12-26,2015/2016,26,,,,,,,,,,,,,,,,,,76.97,28.2,38,16.8,14.2
Hills Shire,2016-01-02,2015/2016,27,,,,,,,,,,,,,,,,,,3.09,25.9,29.3,14.4,11.6
Hills Shire,2016-01-09,2015/2016,28,,,,,,,,,,,,,,,,,,196.26,23,27,16.1,13.2
Hills Shire,2016-01-16,2015/2016,29,,,,,,,,,,,,,,,,,,38.46,31.8,39.8,17.9,12.9
Hills Shire,2016-01-23,2015/2016,30,,,,,,,,,,,,,,,,,,24.95,30.4,38.1,17.2,13.1
Hills Shire,2016-01-30,2015/2016,31,,,,,,,,,,,,,,,,,,26.71,26.9,30,19.8,18.8
Hills Shire,2016-02-06,2015/2016,32,,,,,,,,,,,,,,,,,,51.1,27.8,31.3,17.4,14.4
Hills Shire,2016-02-13,2015/2016,33,,,,,,,,,,,,,,,,,,1.26,28.2,29.9,17.3,16.4
Hills Shire,2016-02-20,2015/2016,34,,,,,,,,,,,,,,,,,,0,30.6,37.2,18.2,15.5
Hills Shire,2016-02-27,2015/2016,35,116,16,0,,,,,,,,,,,,,,,2.96,31.5,39.6,19.4,17.2
Hills Shire,2016-03-05,2015/2016,36,85,16,0,,,,,,,,,,,,,,,2.1,29.9,33,17.9,16.8
Hills Shire,2016-03-12,2015/2016,37,54,14,0,,,,,,,,,,,,,,,0.12,31.6,34.1,18.8,15.6
Hills Shire,2016-03-19,2015/2016,38,113,17,0,,,,,,,,,,,,,,,14.33,28.9,32.5,18.8,17.1
Hills Shire,2016-03-26,2015/2016,39,46,12,0,,,,,,,,,,,,,,,8.15,25,29.2,13.9,11.5
Hills Shire,2016-04-02,2015/2016,40,86,19,0,,,,,,,,,,,,,,,1.45,26.7,28.7,15.8,12.5
Hills Shire,2016-04-09,2015/2016,41,120,29,0,,,,,,,,,,,,,,,2.11,26.9,35.2,16.3,14.2
Hills Shire,2016-04-16,2015/2016,42,,,,,,,,,,,,,,,,,,0.51,25.5,28.8,13.2,11.2
Hills Shire,2016-04-23,2015/2016,43,88,6,0,,,,,,,,,,,,,,,1.41,25.5,28.5,14.3,12.9
Hills Shire,2016-04-30,2015/2016,44,,,,,,,,,,,,,,,,,,4.68,23.8,26.8,11.9,9.9
Hills Shire,2016-05-07,2015/2016,45,,,,,,,,,,,,,,,,,,4.61,25.2,26.7,11.7,9
Hills Shire,2016-05-14,2015/2016,46,,,,,,,,,,,,,,,,,,1.76,23.4,25.2,12,7.8
Hills Shire,2016-05-21,2015/2016,47,,,,,,,,,,,,,,,,,,0,24.6,27.8,8.5,6.5
Hills Shire,2016-05-28,2015/2016,48,,,,,,,,,,,,,,,,,,0.53,22.2,27,8.7,5
Lake Macquarie,2015-11-07,2015/2016,19,,,,,,,,,,,,,,,,,,48.24,25.6,30.2,16.7,13.8
Lake Macquarie,2015-11-14,2015/2016,20,,,,,,,,,,,,,,,,,,18.91,24.9,28.8,14.9,12.8
Lake Macquarie,2015-11-21,2015/2016,21,,,,,,,,,,,,,,,,,,46.87,27.9,39.6,14.8,10.5
Lake Macquarie,2015-11-28,2015/2016,22,,,,,,,,,,,,,,,,,,0.11,27.8,39.5,16.7,13.7
Lake Macquarie,2015-12-05,2015/2016,23,,,,,,,,,,,,,,,,,,1.04,26.2,36.8,16.8,11.9
Lake Macquarie,2015-12-12,2015/2016,24,7,0,0,,,,,,,,,,,,,,,20.61,29.3,36.7,16.5,11.6
Lake Macquarie,2015-12-19,2015/2016,25,16,0,0,,,,,,,,,,,,,,,20.88,27.1,29.6,16.7,15.2
Lake Macquarie,2015-12-26,2015/2016,26,12,0,2,,,,,,,,,,,,,,,82.16,27.2,35.3,16.9,15.4
Lake Macquarie,2016-01-02,2015/2016,27,,,,,,,,,,,,,,,,,,8.41,24.6,30.4,14.8,11.9
Lake Macquarie,2016-01-09,2015/2016,28,,,,,,,,,,,,,,,,,,254.6,23,25.9,16.7,14.2
Lake Macquarie,2016-01-16,2015/2016,29,16,1,1,,,,,,,,,,,,,,,47.55,30.7,38.6,18.3,14.7
Lake Macquarie,2016-01-23,2015/2016,30,29,0,0,,,,,,,,,,,,,,,34.05,29.7,36.5,17.5,14.2
Lake Macquarie,2016-01-30,2015/2016,31,,,,,,,,,,,,,,,,,,35.93,27.4,29.5,20.3,19.1
Lake Macquarie,2016-02-06,2015/2016,32,121,1,0,,,,,,,,,,,,,,,17.96,28,31.8,18,15.5
Lake Macquarie,2016-02-13,2015/2016,33,85,0,0,,,,,,,,,,,,,,,6.43,27.3,28.6,17.7,16.5
Lake Macquarie,2016-02-20,2015/2016,34,73,2,2,,,,,,,,,,,,,,,4.31,29.6,36.1,18.9,17.3
Lake Macquarie,2016-02-27,2015/2016,35,24,0,1,,,,,,,,,,,,,,,3.8,30.6,38.8,19.3,17.1
Lake Macquarie,2016-03-05,2015/2016,36,16,0,1,,,,,,,,,,,,,,,0.3,28.3,30.5,18.2,16.8
Lake Macquarie,2016-03-12,2015/2016,37,23,1,0,,,,,,,,,,,,,,,0.07,30.1,31.8,18.5,17
Lake Macquarie,2016-03-19,2015/2016,38,21,0,0,,,,,,,,,,,,,,,31,27.4,30.1,18.9,17.1
Lake Macquarie,2016-03-26,2015/2016,39,25,0,0,,,,,,,,,,,,,,,22.99,24.3,27.9,14.2,12.9
Lake Macquarie,2016-04-02,2015/2016,40,,,,,,,,,,,,,,,,,,4.17,26.8,28.4,16,13.6
Lake Macquarie,2016-04-09,2015/2016,41,48,2,2,,,,,,,,,,,,,,,1,27.2,34.1,16.4,14.4
Lake Macquarie,2016-04-16,2015/2016,42,18,0,1,,,,,,,,,,,,,,,4.21,24.7,27.2,14,11.8
Lake Macquarie,2016-04-23,2015/2016,43,19,0,0,,,,,,,,,,,,,,,14.08,24.6,26.9,14.1,12.7
Lake Macquarie,2016-04-30,2015/2016,44,,,,,,,,,,,,,,,,,,11.72,23.7,26.5,12.5,9.5
Lake Macquarie,2016-05-07,2015/2016,45,,,,,,,,,,,,,,,,,,9.7,24.2,25.9,13.1,10.7
Lake Macquarie,2016-05-14,2015/2016,46,,,,,,,,,,,,,,,,,,1.16,23.2,25.1,12.9,8.7
Lake Macquarie,2016-05-21,2015/2016,47,,,,,,,,,,,,,,,,,,0,24.4,27.1,9.6,6.8
Lake Macquarie,2016-05-28,2015/2016,48,,,,,,,,,,,,,,,,,,1.5,22.5,27.9,9.8,8.2
Leeton,2015-11-07,2015/2016,19,44,3,0,,,,,,,,,,,,,,,41.5,27.6,33.2,16.4,13.3
Leeton,2015-11-14,2015/2016,20,12,2,0,,,,,,,,,,30,0,0,0,0,6.36,29.3,34.7,14.9,9.2
Leeton,2015-11-21,2015/2016,21,93,16,0,,,,,,,,,,15,0,0,0,0,0.33,33.6,40.9,15.5,9.2
Leeton,2015-11-28,2015/2016,22,,,,,,,,,,,,,,,,,,0,27.9,36.3,10.9,8.5
Leeton,2015-12-05,2015/2016,23,24,6,0,,,,,,,,,,15,0,0,0,0,0.03,29.5,34.4,13.3,9.7
Leeton,2015-12-12,2015/2016,24,60,36,0,,,,,,,,,,15,0,0,0,0,5.99,34.1,39.6,18.7,15.2
Leeton,2015-12-19,2015/2016,25,89,64,0,,,,,,,,,,15,0,0,0,0,0,34.1,37.8,15.9,9.4
Leeton,2015-12-26,2015/2016,26,,,,,,,,,,,,,14,0,0,0,0,10.52,34,42.4,20.1,16.3
Leeton,2016-01-02,2015/2016,27,,,,,,,,,,,,,14,0,0,0,0,12.48,31.6,38.8,16.6,10.9
Leeton,2016-01-09,2015/2016,28,61,40,0,,,,,,,,,,14,0,0,0,0,11,30.1,34.5,17.6,13.7
Leeton,2016-01-16,2015/2016,29,1447,977,0,,,,,,,,,,27,0,0,0,0,0.46,37.3,45,20.4,11.6
Leeton,2016-01-23,2015/2016,30,971,580,0,,,,,,,,,,,,,,,0.24,33.7,39.3,20.3,14.2
Leeton,2016-01-30,2015/2016,31,,,,,,,,,,,,,13,0,0,0,0,33.68,30.7,35.5,17.9,15.1
Leeton,2016-02-06,2015/2016,32,,,,,,,,,,,,,13,0,0,0,0,18.01,27.7,31,15.4,13
Leeton,2016-02-13,2015/2016,33,366,222,0,,,,,,,,,,13,0,0,0,0,0,35.3,37.8,17.9,16
Leeton,2016-02-20,2015/2016,34,20,13,0,,,,,,,,,,13,0,0,0,0,0,31.7,39.5,15.9,12.1
Leeton,2016-02-27,2015/2016,35,324,142,0,,,,,,,,,,13,0,0,0,0,0.02,37,41.5,19.9,15.2
Leeton,2016-03-05,2015/2016,36,303,198,0,,1,,,,,,,,13,0,0,0,0,0.27,36.8,39.4,18.2,13.7
Leeton,2016-03-12,2015/2016,37,194,162,0,,,,,,,,,,,,,,,1.35,38.3,39.6,23.2,21.3
Leeton,2016-03-19,2015/2016,38,80,72,0,,,,,,,,,,13,0,0,0,0,30.27,32.7,37.2,20.2,19.4
Leeton,2016-03-26,2015/2016,39,60,36,0,,,,,,,,,,,,,,,3.96,26.5,30.3,13.1,8
Leeton,2016-04-02,2015/2016,40,10,2,0,,,,,,,,,,,,,,,0.28,25.5,26.9,10.3,7.7
Leeton,2016-04-09,2015/2016,41,3,0,0,,,,,,,,,,,,,,,0.04,28.2,33.2,10.2,7.7
Leeton,2016-04-16,2015/2016,42,4,0,0,,,,,,,,,,,,,,,0.48,26.8,31.1,10.1,7
Leeton,2016-04-23,2015/2016,43,,,,,,,,,,,,,,,,,,4.09,27.8,29.9,14.5,12.1
Leeton,2016-04-30,2015/2016,44,,,,,,,,,,,,,,,,,,0,26.3,29,11.7,6.8
Leeton,2016-05-07,2015/2016,45,,,,,,,,,,,,,,,,,,15.38,22,26.3,10.9,6.1
Leeton,2016-05-14,2015/2016,46,,,,,,,,,,,,,,,,,,48.29,19.5,23.9,12.1,6.8
Leeton,2016-05-21,2015/2016,47,,,,,,,,,,,,,,,,,,0.08,20.8,23.1,8.6,6
Leeton,2016-05-28,2015/2016,48,,,,,,,,,,,,,,,,,,16.29,18.1,25.9,8.1,4.3
Macquarie Marshes,2015-11-07,2015/2016,19,,,,,,,,,,,,,,,,,,56.93,28.6,31.9,17.6,16.2
Macquarie Marshes,2015-11-14,2015/2016,20,,,,,,,,,,,,,15,0,0,0,0,19.96,31.1,33.6,16.9,13.1
Macquarie Marshes,2015-11-21,2015/2016,21,146,131,0,,,,,,,,,,13,0,0,0,0,2.06,33.7,41.4,16.9,13.7
Macquarie Marshes,2015-11-28,2015/2016,22,,,,,,,,,,,,,,,,,,0,31.3,37.2,14.7,12.3
Macquarie Marshes,2015-12-05,2015/2016,23,,,,,,,,,,,,,30,0,0,0,0,1.44,32.5,37.3,15.3,12
Macquarie Marshes,2015-12-12,2015/2016,24,,,,,,,,,,,,,,,,,,4.74,36.4,38.8,20.7,18.5
Macquarie Marshes,2015-12-19,2015/2016,25,,,,,,,,,,,,,15,0,0,0,0,0.57,34.9,37.3,18.2,12.5
Macquarie Marshes,2015-12-26,2015/2016,26,,,,,,,,,,,,,,,,,,12.13,33,40.3,20.8,17.5
Macquarie Marshes,2016-01-02,2015/2016,27,,,,,,,,,,,,,15,0,0,0,0,5.02,32.2,36.2,18.3,14.3
Macquarie Marshes,2016-01-09,2015/2016,28,,,,,,,,,,,,,15,0,0,0,0,9.28,30.5,34.8,18.6,16.3
Macquarie Marshes,2016-01-16,2015/2016,29,,,,,,,,,,,,,,,,,,4.13,38.5,42.9,21.6,14.7
Macquarie Marshes,2016-01-23,2015/2016,30,,,,,,,,,,,,,15,0,0,0,0,3.75,35.2,40.2,20.3,14.5
Macquarie Marshes,2016-01-30,2015/2016,31,,,,,,,,,,,,,15,0,0,0,0,37.29,33,37.2,21.2,19.2
Macquarie Marshes,2016-02-06,2015/2016,32,,,,,,,,,,,,,15,0,0,0,0,0.18,31.9,33.7,17.8,13.6
Macquarie Marshes,2016-02-13,2015/2016,33,,,,,,,,,,,,,,,,,,1.54,34.9,36.9,19.4,18.4
Macquarie Marshes,2016-02-20,2015/2016,34,,,,,,,,,,,,,,,,,,0.71,35.4,40.8,18.5,14.7
Macquarie Marshes,2016-02-27,2015/2016,35,,,,,,,,,,,,,15,0,0,0,0,0,38.4,41.3,22.9,20
Macquarie Marshes,2016-03-05,2015/2016,36,,,,,,,,,,,,,,,,,,1.13,36.9,38.6,22.1,20.4
Macquarie Marshes,2016-03-12,2015/2016,37,,,,,,,,,,,,,,,,,,0.05,36.9,37.9,23,21.8
Macquarie Marshes,2016-03-19,2015/2016,38,,,,,,,,,,,,,,,,,,9.94,33.2,38.5,22.3,20.3
Macquarie Marshes,2016-03-26,2015/2016,39,,,,,,,,,,,,,14,0,0,0,0,0.3,28.7,32.7,13.5,11.3
Macquarie Marshes,2016-04-02,2015/2016,40,,,,,,,,,,,,,,,,,,0.06,28.4,31,13.4,9
Macquarie Marshes,2016-04-09,2015/2016,41,,,,,,,,,,,,,,,,,,0,31.8,36.2,15.7,10.3
Macquarie Marshes,2016-04-16,2015/2016,42,,,,,,,,,,,,,,,,,,0,28.8,30,13.5,11.7
Macquarie Marshes,2016-04-23,2015/2016,43,,,,,,,,,,,,,,,,,,1.51,29.1,31.5,13.9,11.4
Macquarie Marshes,2016-04-30,2015/2016,44,,,,,,,,,,,,,,,,,,0,27,28.9,13.5,11.7
Macquarie Marshes,2016-05-07,2015/2016,45,,,,,,,,,,,,,,,,,,55.89,23.5,26.6,12.4,9.8
Macquarie Marshes,2016-05-14,2015/2016,46,,,,,,,,,,,,,,,,,,36.39,21.6,27,12.2,7.7
Macquarie Marshes,2016-05-21,2015/2016,47,,,,,,,,,,,,,,,,,,0.02,22.6,24.3,9.4,6.5
Macquarie Marshes,2016-05-28,2015/2016,48,,,,,,,,,,,,,,,,,,13.29,20,26.3,8.2,3.2
Murray Shire,2015-11-07,2015/2016,19,15,1,0,,,,,,,,,,,,,,,33.48,27.6,31.4,15.5,10.4
Murray Shire,2015-11-14,2015/2016,20,0,0,0,,,,,,,,,,,,,,,2.53,28.9,33.6,12.7,8.9
Murray Shire,2015-11-21,2015/2016,21,38,4,0,,,,,,,,,,,,,,,0,33.3,40.5,15.4,10
Murray Shire,2015-11-28,2015/2016,22,24,2,0,,,,,,,,,,,,,,,0.37,27.1,36.4,10.5,5.6
Murray Shire,2015-12-05,2015/2016,23,2,0,0,,,,,,,,,,,,,,,0.02,29,34.6,11.4,7.8
Murray Shire,2015-12-12,2015/2016,24,22,2,0,,,,,,,,,,,,,,,0.22,34.4,39.7,18.3,14.1
Murray Shire,2015-12-19,2015/2016,25,56,38,0,,,,,,,,,,,,,,,0,35.1,40.8,16,7.3
Murray Shire,2015-12-26,2015/2016,26,,,,,,,,,,,,,,,,,,0.1,34.8,42,20.3,11.9
Murray Shire,2016-01-02,2015/2016,27,,,,,,,,,,,,,,,,,,6.44,32.8,39.2,15.6,9.5
Murray Shire,2016-01-09,2015/2016,28,,,,,,,,,,,,,,,,,,4.02,31.5,33.9,16.9,13.9
Murray Shire,2016-01-16,2015/2016,29,,,,,,,,,,,,,,,,,,0.11,35.8,45.3,18.3,10
Murray Shire,2016-01-23,2015/2016,30,,,,,,,,,,,,,,,,,,3.31,34.5,41.4,19.7,12.2
Murray Shire,2016-01-30,2015/2016,31,,,,,,,,,,,,,,,,,,14.91,31,35.2,16.8,14.6
Murray Shire,2016-02-06,2015/2016,32,,,,,,,,,,,,,,,,,,17.62,28,31.9,15.2,12.8
Murray Shire,2016-02-13,2015/2016,33,,,,,,,,,,,,,,,,,,0,35.9,37.4,17,14.9
Murray Shire,2016-02-20,2015/2016,34,,,,,,,,,,,,,,,,,,0,30.4,39.4,15,12.4
Murray Shire,2016-02-27,2015/2016,35,,,,,,,,,,,,,,,,,,0.05,35.8,42.9,18,11.5
Murray Shire,2016-03-05,2015/2016,36,,,,,,,,,,,,,,,,,,0.09,35.7,40.1,16.4,12.9
Murray Shire,2016-03-12,2015/2016,37,,,,,,,,,,,,,,,,,,2.1,38.6,41.6,23,20.9
Murray Shire,2016-03-19,2015/2016,38,,,,,,,,,,,,,,,,,,9.24,32.3,35.6,17.8,14.4
Murray Shire,2016-03-26,2015/2016,39,,,,,,,,,,,,,,,,,,0.19,26.8,30.6,12.4,8.9
Murray Shire,2016-04-02,2015/2016,40,,,,,,,,,,,,,,,,,,0,24.5,26.4,10.3,7.7
Murray Shire,2016-04-09,2015/2016,41,,,,,,,,,,,,,,,,,,0.45,25,31.1,9.7,5.3
Murray Shire,2016-04-16,2015/2016,42,,,,,,,,,,,,,,,,,,0,25.7,30,9.2,6.2
Murray Shire,2016-04-23,2015/2016,43,,,,,,,,,,,,,,,,,,0.38,27,30.2,12.3,8.6
Murray Shire,2016-04-30,2015/2016,44,,,,,,,,,,,,,,,,,,2.86,25.5,29,11.4,6.1
Murray Shire,2016-05-07,2015/2016,45,,,,,,,,,,,,,,,,,,26.18,21.7,26.6,11,6.8
Murray Shire,2016-05-14,2015/2016,46,,,,,,,,,,,,,,,,,,29.82,20.1,25.1,12.3,8.8
Murray Shire,2016-05-21,2015/2016,47,,,,,,,,,,,,,,,,,,2.2,20.5,23.2,8.7,6.6
Murray Shire,2016-05-28,2015/2016,48,,,,,,,,,,,,,,,,,,14.49,18.2,25.3,7.9,4.9
Penrith,2015-11-07,2015/2016,19,,,,,,,,,,,,,,,,,,66.59,25.4,32,15.5,12.5
Penrith,2015-11-14,2015/2016,20,,,,,,,,,,,,,,,,,,13.42,26.2,30.6,14.7,11.8
Penrith,2015-11-21,2015/2016,21,,,,,,,,,,,,,,,,,,43.76,29.5,40.5,14.6,11
Penrith,2015-11-28,2015/2016,22,,,,,,,,,,,,,,,,,,0.02,28.8,37,15.5,13.6
Penrith,2015-12-05,2015/2016,23,31,3,0,,,,,,,,,,,,,,,3.06,28.5,39.2,15.8,11.1
Penrith,2015-12-12,2015/2016,24,,,,,,,,,,,,,,,,,,3.82,31.5,36,17.1,11.1
Penrith,2015-12-19,2015/2016,25,46,8,0,,,,,,,,,,,,,,,15.89,30.2,35.6,16,14.2
Penrith,2015-12-26,2015/2016,26,,,,,,,,,,,,,,,,,,47.11,29.4,40.5,16.8,14.7
Penrith,2016-01-02,2015/2016,27,,,,,,,,,,,,,,,,,,3.86,27.4,30.8,14.5,11.8
Penrith,2016-01-09,2015/2016,28,,,,,,,,,,,,,,,,,,126.82,23.8,28.6,16.1,12.7
Penrith,2016-01-16,2015/2016,29,86,28,0,,,,,,,,,,,,,,,36.22,32.8,40.4,17.6,12.6
Penrith,2016-01-23,2015/2016,30,134,22,1,,,,,,,,,,,,,,,25.97,31.1,38.9,17,13.3
Penrith,2016-01-30,2015/2016,31,166,32,0,,,,,,,,,,,,,,,17.08,27.2,31.1,19.7,18.8
Penrith,2016-02-06,2015/2016,32,48,0,0,,,,,,,,,,,,,,,52.34,28.3,32.3,17.1,14.3
Penrith,2016-02-13,2015/2016,33,94,33,0,,,,,,,,,,,,,,,2.04,29.3,31.3,17.1,16
Penrith,2016-02-20,2015/2016,34,49,4,0,,,,,,,,,,,,,,,0.02,31.7,38,17.6,14.7
Penrith,2016-02-27,2015/2016,35,62,16,0,,,,,,,,,,,,,,,3.63,32.8,40.8,19.3,17.1
Penrith,2016-03-05,2015/2016,36,69,15,0,,,,,,,,,,,,,,,0.12,31.2,34.6,17.9,16.4
Penrith,2016-03-12,2015/2016,37,88,20,0,,,,,,,,,,,,,,,0.16,32.7,35.4,18.8,15.9
Penrith,2016-03-19,2015/2016,38,76,4,0,,,,,,,,,,,,,,,8.75,30.1,33.8,19.1,17
Penrith,2016-03-26,2015/2016,39,43,1,0,,,,,,,,,,,,,,,5.37,26,30.1,14,11.2
Penrith,2016-04-02,2015/2016,40,54,1,0,,,,,,,,,,,,,,,5.67,27.4,29.4,15.9,11.9
Penrith,2016-04-09,2015/2016,41,90,2,0,,,,,,,,,,,,,,,2.07,27.7,36.3,16.1,13.3
Penrith,2016-04-16,2015/2016,42,31,0,0,,,,,,,,,,,,,,,0.84,26.6,29.9,13.1,10.5
Penrith,2016-04-23,2015/2016,43,,,,,,,,,,,,,,,,,,4.65,26.4,29.5,14.1,12.4
Penrith,2016-04-30,2015/2016,44,,,,,,,,,,,,,,,,,,4.26,24.5,27.1,11.5,9.7
Penrith,2016-05-07,2015/2016,45,,,,,,,,,,,,,,,,,,1.43,25.8,28.9,10.6,7.5
Penrith,2016-05-14,2015/2016,46,,,,,,,,,,,,,,,,,,5.04,23.5,25.8,11.5,7.1
Penrith,2016-05-21,2015/2016,47,,,,,,,,,,,,,,,,,,0,24.7,28,7.4,5.7
Penrith,2016-05-28,2015/2016,48,,,,,,,,,,,,,,,,,,0.06,22.3,26.8,8,4.1
Port Macquarie,2015-11-07,2015/2016,19,,,,,,,,,,,,,,,,,,74.67,25.2,29.1,16,11
Port Macquarie,2015-11-14,2015/2016,20,,,,,,,,,,,,,,,,,,27.45,24.1,26.5,14.5,11.7
Port Macquarie,2015-11-21,2015/2016,21,,,,,,,,,,,,,,,,,,87.8,26.5,35.8,14.4,11
Port Macquarie,2015-11-28,2015/2016,22,,,,,,,,,,,,,,,,,,5.06,27.1,34.9,16.8,14.7
Port Macquarie,2015-12-05,2015/2016,23,9,2,2,,,,,,,,,,,,,,,41.64,25.2,31.1,15.9,11.4
Port Macquarie,2015-12-12,2015/2016,24,15,1,1,,,,,,,,,,,,,,,7.04,28,35.2,14.7,11.1
Port Macquarie,2015-12-19,2015/2016,25,5,0,0,,,,,,,,,,,,,,,35.61,26.5,28.5,16.6,14.1
Port Macquarie,2015-12-26,2015/2016,26,5,1,0,,,,,,,,,,,,,,,123.04,25.3,31.2,16.6,13.1
Port Macquarie,2016-01-02,2015/2016,27,,,,,,,,,,,,,,,,,,5.42,24.6,27.5,14.9,12.6
Port Macquarie,2016-01-09,2015/2016,28,,,,,,,,,,,,,,,,,,77.82,24.1,26,16.4,14.2
Port Macquarie,2016-01-16,2015/2016,29,32,8,4,,,,,,,,,,,,,,,18.38,27.9,33.2,17.9,15.1
Port Macquarie,2016-01-23,2015/2016,30,32,0,2,,,,,,,,,,,,,,,22.49,27.8,32.1,15.6,13.8
Port Macquarie,2016-01-30,2015/2016,31,,,,,,,,,,,,,,,,,,78.57,26.2,29.2,18.5,16.4
Port Macquarie,2016-02-06,2015/2016,32,26,1,0,,,,,,,,,,,,,,,32.79,28.5,32.9,17.4,15
Port Macquarie,2016-02-13,2015/2016,33,56,0,2,,,,1,,,,,,,,,,,28.91,26.1,27.6,16.1,15
Port Macquarie,2016-02-20,2015/2016,34,36,2,5,,,,,,,,,,,,,,,5.02,29,30.3,17.4,14
Port Macquarie,2016-02-27,2015/2016,35,12,0,1,,,,,,,,,,,,,,,21.03,29.1,31.7,17.7,16
Port Macquarie,2016-03-05,2015/2016,36,3,1,1,,,,,,,,,,,,,,,35.11,26.8,27.9,17.9,15.6
Port Macquarie,2016-03-12,2015/2016,37,44,2,2,,,,,,,,,,,,,,,2.29,28.6,30,16.8,15.4
Port Macquarie,2016-03-19,2015/2016,38,45,1,0,,,,,,,,,,,,,,,6.27,27.8,29.5,17.3,15.4
Port Macquarie,2016-03-26,2015/2016,39,41,1,7,,,,,,,,,,,,,,,4.52,24.9,27.8,14.3,11.5
Port Macquarie,2016-04-02,2015/2016,40,22,1,0,,,,,,,,,,,,,,,15.54,26.5,29,15,12.1
Port Macquarie,2016-04-09,2015/2016,41,18,0,1,,,,,,,,,,,,,,,8.98,27,31.1,14.6,12.1
Port Macquarie,2016-04-16,2015/2016,42,8,0,0,,,,,,,,,,,,,,,24.17,25.4,27.1,14.7,12.3
Port Macquarie,2016-04-23,2015/2016,43,17,1,1,,,,,,,,,,,,,,,12.13,25,27.6,12.6,10.1
Port Macquarie,2016-04-30,2015/2016,44,,,,,,,,,,,,,,,,,,41.24,22.4,25.1,13.7,12.6
Port Macquarie,2016-05-07,2015/2016,45,,,,,,,,,,,,,,,,,,10.12,24.3,26.2,11.8,9.8
Port Macquarie,2016-05-14,2015/2016,46,,,,,,,,,,,,,,,,,,0.41,23.9,24.5,10.5,4.5
Port Macquarie,2016-05-21,2015/2016,47,,,,,,,,,,,,,,,,,,0.05,23.2,25.9,8.6,7
Port Macquarie,2016-05-28,2015/2016,48,,,,,,,,,,,,,,,,,,0.26,22.3,26.6,7.7,3.8
Ryde,2015-11-07,2015/2016,19,,,,,,,,,,,,,,,,,,53.6,25.1,31.3,16.5,14.3
Ryde,2015-11-14,2015/2016,20,,,,,,,,,,,,,,,,,,7.5,25.1,29.2,15.6,12.2
Ryde,2015-11-21,2015/2016,21,,,,,,,,,,,,,,,,,,59,28.7,40.7,15.6,12.1
Ryde,2015-11-28,2015/2016,22,,,,,,,,,,,,,,,,,,0,26.9,37.2,16.8,14.7
Ryde,2015-12-05,2015/2016,23,,,,,,,,,,,,,,,,,,0.4,26.2,38,16.8,12.3
Ryde,2015-12-12,2015/2016,24,,,,,,,,,,,,,,,,,,3.9,28.9,35.1,17.9,12.6
Ryde,2015-12-19,2015/2016,25,18,1,5,,,,,,,,,,,,,,,7.9,26.9,31.7,17.2,14.8
Ryde,2015-12-26,2015/2016,26,82,2,74,,,,,,,,,,,,,,,57.7,27.5,35.3,17.5,14.7
Ryde,2016-01-02,2015/2016,27,,,,,,,,,,,,,,,,,,2.5,25,28.6,15.2,12.7
Ryde,2016-01-09,2015/2016,28,100,4,92,,,,,,,,,,,,,,,169,22.9,26,16.7,14.1
Ryde,2016-01-16,2015/2016,29,306,7,270,,,,,,,,,,,,,,,40.2,30.9,39.4,18.5,13.6
Ryde,2016-01-23,2015/2016,30,2542,21,2453,,,,,,,,,,,,,,,47.6,29.9,37.8,17.9,13.6
Ryde,2016-01-30,2015/2016,31,436,13,316,,,,,,,,,,,,,,,42.6,26.6,29.4,20.4,19.5
Ryde,2016-02-06,2015/2016,32,,,,,,,,,,,,,,,,,,54.5,27.1,30.2,18.1,15.2
Ryde,2016-02-13,2015/2016,33,563,10,437,,,,,,,,,,,,,,,1.7,27.6,29.3,18.3,17.4
Ryde,2016-02-20,2015/2016,34,355,4,274,,,,,,,,,,,,,,,0.5,29.5,35.9,19.2,16.3
Ryde,2016-02-27,2015/2016,35,848,65,576,,,,,,,,,,,,,,,17.6,30.7,38.6,20.5,18.9
Ryde,2016-03-05,2015/2016,36,,,,,,,,,,,,,,,,,,0.1,29.1,31.5,19.3,18.4
Ryde,2016-03-12,2015/2016,37,116,27,6,,,,,,,,,,,,,,,0.6,30.2,32.3,19.8,17.9
Ryde,2016-03-19,2015/2016,38,84,14,6,,,,,,,,,,,,,,,41.6,28.2,31.8,19.3,18
Ryde,2016-03-26,2015/2016,39,84,2,71,,,,,,,,,,,,,,,30.1,24.2,28.6,14.9,13.4
Ryde,2016-04-02,2015/2016,40,,,,,,,,,,,,,,,,,,8.2,25.8,27.6,16.8,14
Ryde,2016-04-09,2015/2016,41,155,12,2,,,,,,,,,,,,,,,12.1,26.1,34.6,17.5,15.9
Ryde,2016-04-16,2015/2016,42,209,9,46,,,,,,,,,,,,,,,5.1,24.6,27.8,14.5,13.1
Ryde,2016-04-23,2015/2016,43,185,6,72,,,,,,,,,,,,,,,3.9,24.8,27.1,15.4,13.8
Ryde,2016-04-30,2015/2016,44,,,,,,,,,,,,,,,,,,11.9,23.4,26.4,13.3,11.3
Ryde,2016-05-07,2015/2016,45,,,,,,,,,,,,,,,,,,3.3,25.1,26.7,12.8,10.2
Ryde,2016-05-14,2015/2016,46,,,,,,,,,,,,,,,,,,2.4,23.3,25.3,12.8,7.9
Ryde,2016-05-21,2015/2016,47,,,,,,,,,,,,,,,,,,0,24.5,27.9,10.4,9
Ryde,2016-05-28,2015/2016,48,,,,,,,,,,,,,,,,,,0.3,21.9,26.9,10.3,6.5
Sydney Olympic Park,2015-11-07,2015/2016,19,,,,,,,,,,,,,,,,,,44.15,25.6,31.9,16.2,13.2
Sydney Olympic Park,2015-11-14,2015/2016,20,,,,,,,,,,,,,,,,,,6.02,25.9,29.6,15.2,11.8
Sydney Olympic Park,2015-11-21,2015/2016,21,,,,,,,,,,,,,,,,,,53.3,29.4,40.7,15.2,11.3
Sydney Olympic Park,2015-11-28,2015/2016,22,,,,,,,,,,,,,,,,,,0,27.6,37.1,16.2,14.2
Sydney Olympic Park,2015-12-05,2015/2016,23,27,9,2,,,,,,,,,,,,,,,0.55,27.1,38.9,16.4,11.5
Sydney Olympic Park,2015-12-12,2015/2016,24,138,43,63,,,,,,,,,,,,,,,4.2,30,35.2,17.6,12
Sydney Olympic Park,2015-12-19,2015/2016,25,119,29,62,,,,,,,,,,,,,,,5.17,28.3,33.5,16.8,14.6
Sydney Olympic Park,2015-12-26,2015/2016,26,60,30,18,,,,,,,,,,,,,,,48.5,28.6,38.2,17.2,14.4
Sydney Olympic Park,2016-01-02,2015/2016,27,,,,,,,,,,,,,,,,,,3.92,26.2,30.3,14.8,12.1
Sydney Olympic Park,2016-01-09,2015/2016,28,26,17,4,,,,,,,,,,,,,,,148.5,23.5,27.3,16.4,13.7
Sydney Olympic Park,2016-01-16,2015/2016,29,106,23,51,,,,,,,,,,,,,,,36.35,31.8,39.8,18.1,13.2
Sydney Olympic Park,2016-01-23,2015/2016,30,62,18,24,,,,,,,,,,,,,,,40.2,30.8,38.4,17.6,13.7
Sydney Olympic Park,2016-01-30,2015/2016,31,116,32,61,,,,,,,,,,,,,,,21.95,27.1,30.7,20.3,19.4
Sydney Olympic Park,2016-02-06,2015/2016,32,82,39,20,,,,,,,,,,,,,,,71.42,27.6,31.6,17.8,14.7
Sydney Olympic Park,2016-02-13,2015/2016,33,115,26,59,,,,,,,,,,,,,,,1.9,28.5,30.6,17.7,16.9
Sydney Olympic Park,2016-02-20,2015/2016,34,44,18,11,,,,,,,,,,,,,,,0.02,30.6,37.1,18.6,15.5
Sydney Olympic Park,2016-02-27,2015/2016,35,298,33,126,,,,,,,,,,,,,,,6.87,31.8,40,20.1,18.1
Sydney Olympic Park,2016-03-05,2015/2016,36,97,45,22,,,,,,,,,,,,,,,1.07,30,33,18.7,17.6
Sydney Olympic Park,2016-03-12,2015/2016,37,86,49,10,,,,,,,,,,,,,,,0,31.4,34.3,19.3,16.8
Sydney Olympic Park,2016-03-19,2015/2016,38,25,10,0,,,,,,,,,,,,,,,16.85,29.1,32.7,19,17.6
Sydney Olympic Park,2016-03-26,2015/2016,39,119,19,89,,,,,,,,,,,,,,,17.3,25,29.5,14.6,12.8
Sydney Olympic Park,2016-04-02,2015/2016,40,122,13,53,,,,,,,,,,,,,,,4.2,26.6,28.7,16.3,12.9
Sydney Olympic Park,2016-04-09,2015/2016,41,189,56,26,,,,,,,,,,,,,,,5.92,26.9,35.5,17,14.8
Sydney Olympic Park,2016-04-16,2015/2016,42,23,8,2,,,,,,,,,,,,,,,1.88,25.5,28.7,13.9,11.8
Sydney Olympic Park,2016-04-23,2015/2016,43,68,29,7,,,,,,,,,,,,,,,1.93,25.8,28.4,14.8,13.4
Sydney Olympic Park,2016-04-30,2015/2016,44,,,,,,,,,,,,,,,,,,9.8,24,27,12.5,10.9
Sydney Olympic Park,2016-05-07,2015/2016,45,,,,,,,,,,,,,,,,,,3.72,25.7,27.8,11.8,8.8
Sydney Olympic Park,2016-05-14,2015/2016,46,,,,,,,,,,,,,,,,,,4.08,23.7,25.6,12.2,7.5
Sydney Olympic Park,2016-05-21,2015/2016,47,,,,,,,,,,,,,,,,,,0,24.7,28.1,9.1,7.7
Sydney Olympic Park,2016-05-28,2015/2016,48,,,,,,,,,,,,,,,,,,0.62,22.2,27.3,9.2,5.3
Tweed Heads,2015-11-07,2015/2016,19,,,,,,,,,,,,,,,,,,53.22,27,29.8,17,12.9
Tweed Heads,2015-11-14,2015/2016,20,,,,,,,,,,,,,,,,,,38.09,25.7,30,16.5,14.2
Tweed Heads,2015-11-21,2015/2016,21,,,,,,,,,,,,,,,,,,28.82,27,32.2,16.5,14
Tweed Heads,2015-11-28,2015/2016,22,,,,,,,,,,,,,,,,,,0.34,29.5,33.7,20.4,19.2
Tweed Heads,2015-12-05,2015/2016,23,21,1,2,,,,,,,,,,,,,,,43.71,27.1,31.3,19.9,16.2
Tweed Heads,2015-12-12,2015/2016,24,59,2,23,,,,,,,,,,,,,,,32.17,28.6,32.5,17,14.6
Tweed Heads,2015-12-19,2015/2016,25,53,4,18,,,,,,,,,,,,,,,49.18,26.5,28.5,18.4,15.7
Tweed Heads,2015-12-26,2015/2016,26,,,,,,,,,,,,,,,,,,13.11,27.5,28.8,17.8,16.2
Tweed Heads,2016-01-02,2015/2016,27,,,,,,,,,,,,,,,,,,52.39,26.6,28.9,18,16.4
Tweed Heads,2016-01-09,2015/2016,28,55,17,6,,,,,,,,,,,,,,,44.95,26.5,29.1,18.2,15.8
Tweed Heads,2016-01-16,2015/2016,29,18,5,5,,,,,,,,,,,,,,,0.15,29.3,31.1,18.4,16.3
Tweed Heads,2016-01-23,2015/2016,30,42,5,15,,,,,,,,,,,,,,,7.44,28.3,32,17.5,16.3
Tweed Heads,2016-01-30,2015/2016,31,,,,,,,,,,,,,,,,,,22.51,28.6,32.8,20.1,18.5
Tweed Heads,2016-02-06,2015/2016,32,91,15,11,,,,,,,,,,,,,,,67.49,30.1,32.3,21.7,20.4
Tweed Heads,2016-02-13,2015/2016,33,90,20,35,,,,,,,,,,,,,,,32.04,27.2,28,19.5,17.8
Tweed Heads,2016-02-20,2015/2016,34,169,59,31,,,,,,,,,,,,,,,4.67,29.8,32,20.3,18.7
Tweed Heads,2016-02-27,2015/2016,35,37,1,11,,,,,,,,,,,,,,,12.62,29.4,30.8,18.9,16.5
Tweed Heads,2016-03-05,2015/2016,36,262,18,13,,,,,,,,,,,,,,,136.6,27.6,29.7,20.5,19.4
Tweed Heads,2016-03-12,2015/2016,37,206,34,5,,,,,,,,,,,,,,,29.95,28,29,19.3,17.7
Tweed Heads,2016-03-19,2015/2016,38,113,28,19,,,,,,,,,,,,,,,109.06,27.5,28.9,19.8,18.4
Tweed Heads,2016-03-26,2015/2016,39,109,35,9,,,,,,,,,,,,,,,17.23,27.1,29,18.2,16.3
Tweed Heads,2016-04-02,2015/2016,40,,,,,,,,,,,,,,,,,,28.48,27.5,28.9,17.9,16.3
Tweed Heads,2016-04-09,2015/2016,41,62,6,7,,,,,,,,,,,,,,,1.23,27.9,29.5,17,14.5
Tweed Heads,2016-04-16,2015/2016,42,150,15,2,,,,,,,,,,,,,,,19.69,26.3,29.4,17.8,15.2
Tweed Heads,2016-04-23,2015/2016,43,29,6,1,,,,,,,,,,,,,,,6.95,25.9,27.3,15.2,14.3
Tweed Heads,2016-04-30,2015/2016,44,33,4,11,,,,,,,,,,,,,,,19.28,24.5,25.5,16.4,15.3
Tweed Heads,2016-05-07,2015/2016,45,41,8,6,,,,,,,,,,,,,,,15.32,25.7,27.1,15.6,12.2
Tweed Heads,2016-05-14,2015/2016,46,13,2,0,,,,,,,,,,,,,,,0.7,25.3,26.9,13.3,5.9
Tweed Heads,2016-05-21,2015/2016,47,,,,,,,,,,,,,,,,,,0.34,25.5,25.9,10.8,9.7
Tweed Heads,2016-05-28,2015/2016,48,,,,,,,,,,,,,,,,,,1,24.7,26.3,11.2,6.7
Wagga Wagga,2015-11-07,2015/2016,19,3,0,0,,,,,,,,,,,,,,,67.23,25.4,27.7,15.1,12.2
Wagga Wagga,2015-11-14,2015/2016,20,12,0,0,,,,,,,,,,,,,,,19.26,26.7,31.9,13.9,9.4
Wagga Wagga,2015-11-21,2015/2016,21,16,0,0,,,,,,,,,,,,,,,11.19,30.4,36.9,14,11.3
Wagga Wagga,2015-11-28,2015/2016,22,80,2,0,,,,,,,,,,,,,,,0,26.6,33.5,10.2,5.7
Wagga Wagga,2015-12-05,2015/2016,23,40,8,0,,,,,,,,,,,,,,,0.03,28.8,31.8,11.3,6.7
Wagga Wagga,2015-12-12,2015/2016,24,34,1,0,,,,,,,,,,,,,,,4.94,31.6,36.2,16.9,12.5
Wagga Wagga,2015-12-19,2015/2016,25,18,1,0,,,,,,,,,,,,,,,0.01,32.4,36.2,13,8.1
Wagga Wagga,2015-12-26,2015/2016,26,,,,,,,,,,,,,,,,,,11.47,32.4,40.7,17.6,15.4
Wagga Wagga,2016-01-02,2015/2016,27,,,,,,,,,,,,,,,,,,20.12,30.3,36.8,15.2,10.1
Wagga Wagga,2016-01-09,2015/2016,28,8,0,0,,,,,,,,,,,,,,,15.93,27.6,31.9,16.4,12.3
Wagga Wagga,2016-01-16,2015/2016,29,10,3,0,,,,,,,,,,,,,,,1.89,35.9,42.9,18.7,10.5
Wagga Wagga,2016-01-23,2015/2016,30,10,0,0,,,,,,,,,,,,,,,0.48,32.3,38.2,17.5,11.7
Wagga Wagga,2016-01-30,2015/2016,31,0,0,0,,,,,,,,,,,,,,,41.5,30.3,33.7,17.7,15.1
Wagga Wagga,2016-02-06,2015/2016,32,14,2,0,,,,,,,,,,,,,,,33.25,27.1,30.3,14.1,11.1
Wagga Wagga,2016-02-13,2015/2016,33,12,0,0,,,,,,,,,,,,,,,0,33.4,35.4,16.5,14
Wagga Wagga,2016-02-20,2015/2016,34,6,1,0,,,,,,,,,,,,,,,0,30.8,37.2,14,9.2
Wagga Wagga,2016-02-27,2015/2016,35,10,0,0,,,,,,,,,,,,,,,0,35.6,39.8,18.7,15.4
Wagga Wagga,2016-03-05,2015/2016,36,8,0,0,,,,,,,,,,,,,,,4.93,34.9,37.3,16.5,13.1
Wagga Wagga,2016-03-12,2015/2016,37,4,0,0,,,,,,,,,,,,,,,7.45,35.9,37.6,20.7,19.5
Wagga Wagga,2016-03-19,2015/2016,38,14,3,0,,,,,,,,,,,,,,,14.6,31.1,34.9,18.8,17.2
Wagga Wagga,2016-03-26,2015/2016,39,12,1,0,,,,,,,,,,,,,,,7.54,25.2,27.4,11.4,8.4
Wagga Wagga,2016-04-02,2015/2016,40,4,0,0,,,,,,,,,,,,,,,0.18,25.6,27.1,10.1,7.2
Wagga Wagga,2016-04-09,2015/2016,41,10,0,0,,,,,,,,,,,,,,,0.01,27.5,32.4,9.3,7.1
Wagga Wagga,2016-04-16,2015/2016,42,1,0,0,,,,,,,,,,,,,,,0,25.6,28.8,8.7,3.9
Wagga Wagga,2016-04-23,2015/2016,43,3,0,0,,,,,,,,,,,,,,,7.08,25.5,26.6,11.9,9.3
Wagga Wagga,2016-04-30,2015/2016,44,,,,,,,,,,,,,,,,,,0.01,25.2,27.1,9.1,6
Wagga Wagga,2016-05-07,2015/2016,45,,,,,,,,,,,,,,,,,,14.41,20.4,24.3,9,3.6
Wagga Wagga,2016-05-14,2015/2016,46,,,,,,,,,,,,,,,,,,73.86,18.2,23.7,11,7.5
Wagga Wagga,2016-05-21,2015/2016,47,,,,,,,,,,,,,,,,,,3.47,19,21.9,7.6,5.3
Wagga Wagga,2016-05-28,2015/2016,48,,,,,,,,,,,,,,,,,,20.21,16.3,23.3,6.4,2.4
Wyong,2015-11-07,2015/2016,19,,,,,,,,,,,,,,,,,,51.65,24.8,29.9,16,12.9
Wyong,2015-11-14,2015/2016,20,,,,,,,,,,,,,,,,,,34.31,24.6,28,14.6,11.8
Wyong,2015-11-21,2015/2016,21,,,,,,,,,,,,,,,,,,45.65,28,39.7,14.7,10.5
Wyong,2015-11-28,2015/2016,22,,,,,,,,,,,,,,,,,,0.08,27.1,38.4,16.1,13.6
Wyong,2015-12-05,2015/2016,23,,,,,,,,,,,,,,,,,,3.74,26.1,37,16.1,11.2
Wyong,2015-12-12,2015/2016,24,,,,,,,,,,,,,,,,,,21.16,29,35.5,16.5,11.5
Wyong,2015-12-19,2015/2016,25,,,,,,,,,,,,,,,,,,26.57,26.8,30,16.3,14.5
Wyong,2015-12-26,2015/2016,26,,,,,,,,,,,,,,,,,,92.59,26.8,35.3,16.6,14.5
Wyong,2016-01-02,2015/2016,27,,,,,,,,,,,,,,,,,,15.75,24.4,29.2,14.4,11.6
Wyong,2016-01-09,2015/2016,28,,,,,,,,,,,,,,,,,,196.62,22.5,25.6,16.3,13.8
Wyong,2016-01-16,2015/2016,29,,,,,,,,,,,,,,,,,,39.08,30.6,39.1,17.9,13.6
Wyong,2016-01-23,2015/2016,30,,,,,,,,,,,,,,,,,,33.06,29.5,37,17.2,13.3
Wyong,2016-01-30,2015/2016,31,,,,,,,,,,,,,,,,,,42.33,26.6,29.1,19.9,18.7
Wyong,2016-02-06,2015/2016,32,,,,,,,,,,,,,,,,,,18.91,27.4,30.6,17.5,14.6
Wyong,2016-02-13,2015/2016,33,,,,,,,,,,,,,,,,,,2.11,27.2,28.6,17.4,16.3
Wyong,2016-02-20,2015/2016,34,,,,,,,,,,,,,,,,,,0.23,29.5,36.4,18.6,16.2
Wyong,2016-02-27,2015/2016,35,,,,,,,,,,,,,,,,,,8.55,30.3,38.7,19.2,17
Wyong,2016-03-05,2015/2016,36,,,,,,,,,,,,,,,,,,0.99,28.6,30.9,17.9,16.7
Wyong,2016-03-12,2015/2016,37,,,,,,,,,,,,,,,,,,0.22,30.2,32.2,18.4,16.1
Wyong,2016-03-19,2015/2016,38,,,,,,,,,,,,,,,,,,54.26,27.3,30.6,18.6,17
Wyong,2016-03-26,2015/2016,39,,,,,,,,,,,,,,,,,,23.82,23.8,27.8,13.9,12.6
Wyong,2016-04-02,2015/2016,40,,,,,,,,1,,,,,,,,,,13.55,26.1,27.3,15.9,13.6
Wyong,2016-04-09,2015/2016,41,,,,,,,,,,,,,,,,,,5.22,26.2,33.8,16.2,14.6
Wyong,2016-04-16,2015/2016,42,,,,,,,,,,,,,,,,,,6.51,24.3,27.1,13.4,11.2
Wyong,2016-04-23,2015/2016,43,,,,,,,,,,,,,,,,,,11.5,24.3,27.1,14.2,13
Wyong,2016-04-30,2015/2016,44,,,,,,,,,,,,,,,,,,9.13,23.2,26.2,12.2,10.1
Wyong,2016-05-07,2015/2016,45,,,,,,,,,,,,,,,,,,11.96,24,25.1,12.5,9.9
Wyong,2016-05-14,2015/2016,46,,,,,,,,,,,,,,,,,,1.72,22.9,24.7,12.5,8.6
Wyong,2016-05-21,2015/2016,47,,,,,,,,,,,,,,,,,,0,24,27,9.1,7.5
Wyong,2016-05-28,2015/2016,48,,,,,,,,,,,,,,,,,,1.3,21.9,27.2,9.2,6.2
Deniliquin,2015-11-07,2015/2016,19,,,,,,,,,,,,,30,0,0,0,0,56.92,27.4,31.5,15.6,10.7
Deniliquin,2015-11-14,2015/2016,20,,,,,,,,,,,,,,,,,,1.3,29,33.4,13.2,8.5
Deniliquin,2015-11-21,2015/2016,21,,,,,,,,,,,,,15,0,0,0,0,0.42,33.2,40.3,15.6,10
Deniliquin,2015-11-28,2015/2016,22,,,,,,,,,,,,,,,,,,0.02,27.1,36.1,10.6,5.8
Deniliquin,2015-12-05,2015/2016,23,,,,,,,,,,,,,15,0,0,0,0,0,28.8,34.1,11.8,8.7
Deniliquin,2015-12-12,2015/2016,24,,,,,,,,,,,,,14,0,0,0,0,1.29,34.3,39.2,18.2,14.7
Deniliquin,2015-12-19,2015/2016,25,,,,,,,,,,,,,15,0,0,0,0,0,34.6,39.8,16.1,7.9
Deniliquin,2015-12-26,2015/2016,26,,,,,,,,,,,,,12,0,0,0,0,4.74,34.6,41.6,20.4,12.7
Deniliquin,2016-01-02,2015/2016,27,,,,,,,,,,,,,15,0,0,0,0,8.28,32.5,39,15.6,9.8
Deniliquin,2016-01-09,2015/2016,28,,,,,,,,,,,,,15,0,0,0,0,2.38,31.3,34.7,16.9,13.9
Deniliquin,2016-01-16,2015/2016,29,,,,,,,,,,,,,15,0,0,0,0,0.17,36.3,45.5,18.8,10.4
Deniliquin,2016-01-23,2015/2016,30,,,,,,,,,,,,,15,0,0,0,0,1.37,34,41,20.2,12.7
Deniliquin,2016-01-30,2015/2016,31,,,,,,,,,,,,,15,0,0,0,0,19.27,30.8,35.6,16.9,14.6
Deniliquin,2016-02-06,2015/2016,32,,,,,,,,,,,,,15,0,0,0,0,11.4,28.1,31.8,15.1,13.5
Deniliquin,2016-02-13,2015/2016,33,,,,,,,,,,,,,15,0,0,0,0,0,36.1,37.6,16.8,14.9
Deniliquin,2016-02-20,2015/2016,34,,,,,,,,,,,,,15,0,0,0,0,0,31,40,15.3,12.5
Deniliquin,2016-02-27,2015/2016,35,,,,,,,,,,,,,14,0,0,0,0,0.01,36.3,42.7,18.3,11
Deniliquin,2016-03-05,2015/2016,36,,,,,,,,,,,,,15,0,0,0,0,0.08,36.2,39.9,16.3,12.5
Deniliquin,2016-03-12,2015/2016,37,,,,,,,,,,,,,,,,,,2.29,39.1,41.1,24,21.8
Deniliquin,2016-03-19,2015/2016,38,,,,,,,,,,,,,15,0,0,0,0,8.57,32.7,36.5,18.3,14.7
Deniliquin,2016-03-26,2015/2016,39,,,,,,,,,,,,,15,0,0,0,0,1.64,26.9,30.1,12.3,8
Deniliquin,2016-04-02,2015/2016,40,,,,,,,,,,,,,15,0,0,0,0,0,24.9,26.9,10.1,7.4
Deniliquin,2016-04-09,2015/2016,41,,,,,,,,,,,,,,,,,,0.53,25.9,31.6,9.6,5.6
Deniliquin,2016-04-16,2015/2016,42,,,,,,,,,,,,,,,,,,0.07,25.9,30.3,9.3,5.8
Deniliquin,2016-04-23,2015/2016,43,,,,,,,,,,,,,,,,,,0.67,27.4,30,13.2,10.6
Deniliquin,2016-04-30,2015/2016,44,,,,,,,,,,,,,,,,,,1.45,25.7,29.4,11.5,6
Deniliquin,2016-05-07,2015/2016,45,,,,,,,,,,,,,,,,,,17.86,21.9,26.6,11.1,6.1
Deniliquin,2016-05-14,2015/2016,46,,,,,,,,,,,,,,,,,,34.22,19.9,25.1,12.5,7.9
Deniliquin,2016-05-21,2015/2016,47,,,,,,,,,,,,,,,,,,2.98,20.6,23.2,8.8,6.7
Deniliquin,2016-05-28,2015/2016,48,,,,,,,,,,,,,,,,,,11.72,18.3,25.4,7.9,4.9
Forbes,2015-11-07,2015/2016,19,,,,,,,,,,,,,15,0,0,0,0,49.45,27.2,30.2,16.4,15
Forbes,2015-11-14,2015/2016,20,,,,,,,,,,,,,15,0,0,0,0,12.96,28.2,33.1,14,9.6
Forbes,2015-11-21,2015/2016,21,,,,,,,,,,,,,15,0,0,0,0,7.13,32.6,41.6,14,10.5
Forbes,2015-11-28,2015/2016,22,,,,,,,,,,,,,15,0,0,0,0,0,29,35.5,11.3,5.2
Forbes,2015-12-05,2015/2016,23,,,,,,,,,,,,,15,0,0,0,0,0.03,31.1,36.5,11.9,7.7
Forbes,2015-12-12,2015/2016,24,,,,,,,,,,,,,15,0,0,0,0,3.92,34.4,38.2,17.2,13.6
Forbes,2015-12-19,2015/2016,25,,,,,,,,,,,,,15,0,0,0,0,0.4,33.5,36.1,14.4,8.2
Forbes,2015-12-26,2015/2016,26,,,,,,,,,,,,,15,0,0,0,0,13.13,31.7,40,17.8,15
Forbes,2016-01-02,2015/2016,27,,,,,,,,,,,,,15,0,0,0,0,13.09,31.5,37.2,15.3,11
Forbes,2016-01-09,2015/2016,28,,,,,,,,,,,,,15,0,0,0,0,7.6,29.1,33,17,12.8
Forbes,2016-01-16,2015/2016,29,,,,,,,,,,,,,15,0,0,0,0,0.54,37.9,43,19.5,13.6
Forbes,2016-01-23,2015/2016,30,,,,,,,,,,,,,15,0,0,0,0,5.24,33.8,39.8,18,12.7
Forbes,2016-01-30,2015/2016,31,,,,,,,,,,,,,15,0,0,0,0,57.22,31.1,35.4,18.3,16.7
Forbes,2016-02-06,2015/2016,32,,,,,,,,,,,,,15,0,0,0,0,3.83,29.4,32.5,15.8,11.9
Forbes,2016-02-13,2015/2016,33,,,,,,,,,,,,,15,0,0,0,0,0.08,34.2,36.6,17,15.1
Forbes,2016-02-20,2015/2016,34,,,,,,,,,,,,,15,0,0,0,0,0,33.2,38.4,15.1,10.1
Forbes,2016-02-27,2015/2016,35,,,,,,,,,,,,,15,0,0,0,0,0,37.3,41.3,19.9,15.6
Forbes,2016-03-05,2015/2016,36,,,,,,,,,,,,,,,,,,0.25,35.7,37.9,19,14.9
Forbes,2016-03-12,2015/2016,37,,,,,,,,,,,,,13,0,0,0,0,1.46,36.3,37.1,20.3,19
Forbes,2016-03-19,2015/2016,38,,,,,,,,,,,,,13,0,0,0,0,16.4,32.1,36.6,19.8,17
Forbes,2016-03-26,2015/2016,39,,,,,,,,,,,,,13,0,0,0,0,3.42,26.5,30.5,11.8,8.7
Forbes,2016-04-02,2015/2016,40,,,,,,,,,,,,,13,0,0,0,0,2.25,27,29,11,6.5
Forbes,2016-04-09,2015/2016,41,,,,,,,,,,,,,,,,,,0.2,29.3,34.9,12.4,8.9
Forbes,2016-04-16,2015/2016,42,,,,,,,,,,,,,,,,,,0.37,26.9,29,8.8,6.7
Forbes,2016-04-23,2015/2016,43,,,,,,,,,,,,,,,,,,3.85,27.2,29.2,11.7,9.1
Forbes,2016-04-30,2015/2016,44,,,,,,,,,,,,,,,,,,0.17,26,27.6,9.3,6.2
Forbes,2016-05-07,2015/2016,45,,,,,,,,,,,,,,,,,,27.75,22,24.9,9.7,5.7
Forbes,2016-05-14,2015/2016,46,,,,,,,,,,,,,,,,,,43.62,19.1,23.5,11,6.7
Forbes,2016-05-21,2015/2016,47,,,,,,,,,,,,,,,,,,0.03,20.8,23.4,6.8,4.6
Forbes,2016-05-28,2015/2016,48,,,,,,,,,,,,,,,,,,15.16,17.9,24.7,6.2,1.7
Hay,2015-11-07,2015/2016,19,,,,,,,,,,,,,15,0,0,0,0,60.97,28.6,34.6,16.5,12.5
Hay,2015-11-14,2015/2016,20,,,,,,,,,,,,,15,0,0,0,0,4.31,30.3,35.5,14.4,9.3
Hay,2015-11-21,2015/2016,21,,,,,,,,,,,,,13,0,0,0,0,0.63,34.2,41.4,16.6,10.8
Hay,2015-11-28,2015/2016,22,,,,,,,,,,,,,15,0,0,0,0,0.07,27.9,37.1,11.6,7.8
Hay,2015-12-05,2015/2016,23,,,,,,,,,,,,,15,0,0,0,0,0.02,29.7,35.1,12.6,9.4
Hay,2015-12-12,2015/2016,24,,,,,,,,,,,,,15,0,0,0,0,3.84,35.2,39.8,18.9,15.3
Hay,2015-12-19,2015/2016,25,,,,,,,,,,,,,15,0,0,0,0,0,35.5,39.9,17.2,9.2
Hay,2015-12-26,2015/2016,26,,,,,,,,,,,,,15,0,0,0,0,8.96,34.6,41.6,20.8,13.3
Hay,2016-01-02,2015/2016,27,,,,,,,,,,,,,15,0,0,0,0,8,32.8,38.7,16.6,10.8
Hay,2016-01-09,2015/2016,28,,,,,,,,,,,,,,,,,,3.94,32.1,34.3,17.9,15.2
Hay,2016-01-16,2015/2016,29,,,,,,,,,,,,,,,,,,0.25,37.2,45.7,19.8,11.5
Hay,2016-01-23,2015/2016,30,,,,,,,,,,,,,,,,,,2.85,34.5,41,21.2,13.1
Hay,2016-01-30,2015/2016,31,,,,,,,,,,,,,15,0,0,0,0,19.79,31.7,36.3,17.4,15.1
Hay,2016-02-06,2015/2016,32,,,,,,,,,,,,,15,0,0,0,0,5.06,29.1,33.3,15.6,13.2
Hay,2016-02-13,2015/2016,33,,,,,,,,,,,,,15,0,0,0,0,0,37,38.7,18.3,17.4
Hay,2016-02-20,2015/2016,34,,,,,,,,,,,,,15,0,0,0,0,0,31.9,40.9,16,12.4
Hay,2016-02-27,2015/2016,35,,,,,,,,,,,,,15,0,0,0,0,0,37.2,42.7,20,12.9
Hay,2016-03-05,2015/2016,36,,,,,,,,,,,,,,,,,,0.28,36.8,40.6,17.7,13.6
Hay,2016-03-12,2015/2016,37,,,,,,,,,,,,,15,0,0,0,0,0.92,39.5,41.3,24.8,22.1
Hay,2016-03-19,2015/2016,38,,,,,,,,,,,,,15,0,0,0,0,7.43,33,37.6,19.6,16.4
Hay,2016-03-26,2015/2016,39,,,,,,,,,,,,,15,0,0,0,0,0.19,27.8,31.6,12.3,7.6
Hay,2016-04-02,2015/2016,40,,,,,,,,,,,,,15,0,0,0,0,0.67,25.2,27.6,10.1,7.2
Hay,2016-04-09,2015/2016,41,,,,,,,,,,,,,,,,,,0.35,27.1,32.5,9.8,6
Hay,2016-04-16,2015/2016,42,,,,,,,,,,,,,,,,,,0,26.7,31.6,9.4,6.5
Hay,2016-04-23,2015/2016,43,,,,,,,,,,,,,,,,,,0.54,28.3,31.1,14.3,11
Hay,2016-04-30,2015/2016,44,,,,,,,,,,,,,,,,,,2.01,26,29.9,11.8,6.2
Hay,2016-05-07,2015/2016,45,,,,,,,,,,,,,,,,,,15.58,23,27.6,11.1,6
Hay,2016-05-14,2015/2016,46,,,,,,,,,,,,,,,,,,43.21,20.5,24.5,12.5,7.5
Hay,2016-05-21,2015/2016,47,,,,,,,,,,,,,,,,,,1.39,21.6,24.2,8.8,5.8
Hay,2016-05-28,2015/2016,48,,,,,,,,,,,,,,,,,,12.11,19.2,27.2,7.9,5
Menindee,2015-11-07,2015/2016,19,,,,,,,,,,,,,15,0,0,0,0,22.49,31.3,36.9,18.8,16.7
Menindee,2015-11-14,2015/2016,20,,,,,,,,,,,,,15,0,0,0,0,5.15,33.4,36.5,17.9,13.3
Menindee,2015-11-21,2015/2016,21,,,,,,,,,,,,,15,0,0,0,0,0,36,43.3,19.1,14.3
Menindee,2015-11-28,2015/2016,22,,,,,,,,,,,,,15,0,0,0,0,0,30.3,39.4,15,11.9
Menindee,2015-12-05,2015/2016,23,,,,,,,,,,,,,,,,,,0.03,32.7,38.7,15.5,12.1
Menindee,2015-12-12,2015/2016,24,,,,,,,,,,,,,15,0,0,0,0,5.99,37.8,42.1,22.6,19.6
Menindee,2015-12-19,2015/2016,25,,,,,,,,,,,,,15,0,0,0,0,0.02,37.7,41,20.3,14.4
Menindee,2015-12-26,2015/2016,26,,,,,,,,,,,,,15,0,0,0,0,12.41,35.4,42.3,22.3,16.3
Menindee,2016-01-02,2015/2016,27,,,,,,,,,,,,,,,,,,6.06,33.7,38.2,19.5,15.1
Menindee,2016-01-09,2015/2016,28,,,,,,,,,,,,,15,0,0,0,0,3.13,34.2,35.7,20.3,17.7
Menindee,2016-01-16,2015/2016,29,,,,,,,,,,,,,15,0,0,0,0,5.62,38.2,44.6,22.4,14.5
Menindee,2016-01-23,2015/2016,30,,,,,,,,,,,,,15,0,0,0,0,2.59,36.5,41.2,22.5,14.9
Menindee,2016-01-30,2015/2016,31,,,,,,,,,,,,,30,0,0,0,0,6.19,35.1,39.1,21.2,19
Menindee,2016-02-06,2015/2016,32,,,,,,,,,,,,,15,0,0,0,0,2.85,32.4,36.5,18.1,13.6
Menindee,2016-02-13,2015/2016,33,,,,,,,,,,,,,15,0,0,0,0,0.15,38.7,40.4,22.1,19.3
Menindee,2016-02-20,2015/2016,34,,,,,,,,,,,,,15,0,0,0,0,0,34.4,42.4,19,15.4
Menindee,2016-02-27,2015/2016,35,,,,,,,,,,,,,,,,,,0.03,39.5,42.2,23.6,19.1
Menindee,2016-03-05,2015/2016,36,,,,,,,,,,,,,0,0,0,0,0,1.57,38.5,41.5,21.8,18.9
Menindee,2016-03-12,2015/2016,37,,,,,,,,,,,,,0,0,0,0,0,3.32,39.2,40.9,24.9,23.5
Menindee,2016-03-19,2015/2016,38,,,,,,,,,,,,,0,0,0,0,0,7.22,33.1,38.8,22.6,20.3
Menindee,2016-03-26,2015/2016,39,,,,,,,,,,,,,,,,,,0.08,29.5,34.3,14,10.4
Menindee,2016-04-02,2015/2016,40,,,,,,,,,,,,,0,0,0,0,0,4.05,26.3,29.5,12.8,9
Menindee,2016-04-09,2015/2016,41,,,,,,,,,,,,,,,,,,0.6,30.1,34.3,13.1,10.4
Menindee,2016-04-16,2015/2016,42,,,,,,,,,,,,,,,,,,0,28.7,33,12.6,9.7
Menindee,2016-04-23,2015/2016,43,,,,,,,,,,,,,,,,,,0.25,30.6,33.6,15.9,11
Menindee,2016-04-30,2015/2016,44,,,,,,,,,,,,,,,,,,4.16,27.5,31.3,13.2,9.9
Menindee,2016-05-07,2015/2016,45,,,,,,,,,,,,,,,,,,17.89,24.8,28.3,12.3,9.4
Menindee,2016-05-14,2015/2016,46,,,,,,,,,,,,,,,,,,39.68,21.6,25.4,12.9,7.9
Menindee,2016-05-21,2015/2016,47,,,,,,,,,,,,,,,,,,0.08,24,26.2,11.1,8.3
Menindee,2016-05-28,2015/2016,48,,,,,,,,,,,,,,,,,,17.66,20.9,29,9.2,5
Moama,2015-11-07,2015/2016,19,,,,,,,,,,,,,30,0,0,0,0,33.48,27.6,31.4,15.5,10.4
Moama,2015-11-14,2015/2016,20,,,,,,,,,,,,,,,,,,2.53,28.9,33.6,12.7,8.9
Moama,2015-11-21,2015/2016,21,,,,,,,,,,,,,,,,,,0,33.3,40.5,15.4,10
Moama,2015-11-28,2015/2016,22,,,,,,,,,,,,,,,,,,0.37,27.1,36.4,10.5,5.6
Moama,2015-12-05,2015/2016,23,,,,,,,,,,,,,,,,,,0.02,29,34.6,11.4,7.8
Moama,2015-12-12,2015/2016,24,,,,,,,,,,,,,,,,,,0.22,34.4,39.7,18.3,14.1
Moama,2015-12-19,2015/2016,25,,,,,,,,,,,,,,,,,,0,35.1,40.8,16,7.3
Moama,2015-12-26,2015/2016,26,,,,,,,,,,,,,,,,,,0.1,34.8,42,20.3,11.9
Moama,2016-01-02,2015/2016,27,,,,,,,,,,,,,,,,,,6.44,32.8,39.2,15.6,9.5
Moama,2016-01-09,2015/2016,28,,,,,,,,,,,,,,,,,,4.02,31.5,33.9,16.9,13.9
Moama,2016-01-16,2015/2016,29,,,,,,,,,,,,,,,,,,0.11,35.8,45.3,18.3,10
Moama,2016-01-23,2015/2016,30,,,,,,,,,,,,,,,,,,3.31,34.5,41.4,19.7,12.2
Moama,2016-01-30,2015/2016,31,,,,,,,,,,,,,,,,,,14.91,31,35.2,16.8,14.6
Moama,2016-02-06,2015/2016,32,,,,,,,,,,,,,,,,,,17.62,28,31.9,15.2,12.8
Moama,2016-02-13,2015/2016,33,,,,,,,,,,,,,,,,,,0,35.9,37.4,17,14.9
Moama,2016-02-20,2015/2016,34,,,,,,,,,,,,,,,,,,0,30.4,39.4,15,12.4
Moama,2016-02-27,2015/2016,35,,,,,,,,,,,,,,,,,,0.05,35.8,42.9,18,11.5
Moama,2016-03-05,2015/2016,36,,,,,,,,,,,,,,,,,,0.09,35.7,40.1,16.4,12.9
Moama,2016-03-12,2015/2016,37,,,,,,,,,,,,,,,,,,2.1,38.6,41.6,23,20.9
Moama,2016-03-19,2015/2016,38,,,,,,,,,,,,,,,,,,9.24,32.3,35.6,17.8,14.4
Moama,2016-03-26,2015/2016,39,,,,,,,,,,,,,,,,,,0.19,26.8,30.6,12.4,8.9
Moama,2016-04-02,2015/2016,40,,,,,,,,,,,,,,,,,,0,24.5,26.4,10.3,7.7
Moama,2016-04-09,2015/2016,41,,,,,,,,,,,,,,,,,,0.45,25,31.1,9.7,5.3
Moama,2016-04-16,2015/2016,42,,,,,,,,,,,,,,,,,,0,25.7,30,9.2,6.2
Moama,2016-04-23,2015/2016,43,,,,,,,,,,,,,,,,,,0.38,27,30.2,12.3,8.6
Moama,2016-04-30,2015/2016,44,,,,,,,,,,,,,,,,,,2.86,25.5,29,11.4,6.1
Moama,2016-05-07,2015/2016,45,,,,,,,,,,,,,,,,,,26.18,21.7,26.6,11,6.8
Moama,2016-05-14,2015/2016,46,,,,,,,,,,,,,,,,,,29.82,20.1,25.1,12.3,8.8
Moama,2016-05-21,2015/2016,47,,,,,,,,,,,,,,,,,,2.2,20.5,23.2,8.7,6.6
Moama,2016-05-28,2015/2016,48,,,,,,,,,,,,,,,,,,14.49,18.2,25.3,7.9,4.9
Moree,2015-11-07,2015/2016,19,,,,,,,,,,,,,,,,,,34,32.2,36.5,19.7,18
Moree,2015-11-14,2015/2016,20,,,,,,,,,,,,,,,,,,0.6,31.9,34.1,17.8,16.7
Moree,2015-11-21,2015/2016,21,,,,,,,,,,,,,,,,,,6.31,34.2,40.9,17.5,15.1
Moree,2015-11-28,2015/2016,22,,,,,,,,,,,,,,,,,,0.26,37.5,42.6,19.4,13.3
Moree,2015-12-05,2015/2016,23,,,,,,,,,,,,,,,,,,10.85,35.1,37.6,17.8,15.1
Moree,2015-12-12,2015/2016,24,,,,,,,,,,,,,,,,,,0.99,36.6,39.9,20.7,17.1
Moree,2015-12-19,2015/2016,25,,,,,,,,,,,,,15,0,0,0,0,22.25,34,38.5,19.5,16.3
Moree,2015-12-26,2015/2016,26,,,,,,,,,,,,,15,0,0,0,0,8.91,34.6,36.1,20.8,18.2
Moree,2016-01-02,2015/2016,27,,,,,,,,,,,,,15,0,0,0,0,6.49,33.3,35.9,18.8,16.3
Moree,2016-01-09,2015/2016,28,,,,,,,,,,,,,15,0,0,0,0,67.25,29,33.4,18.2,16
Moree,2016-01-16,2015/2016,29,,,,,,,,,,,,,15,0,0,0,0,0.3,35.9,39.3,21.4,18.2
Moree,2016-01-23,2015/2016,30,,,,,,,,,,,,,15,0,0,0,0,6.99,33.7,40.1,19.5,16.1
Moree,2016-01-30,2015/2016,31,,,,,,,,,,,,,15,0,0,0,0,45.65,34,36.8,22,20.5
Moree,2016-02-06,2015/2016,32,,,,,,,,,,,,,15,0,0,0,0,27.14,34,36,19.6,15.9
Moree,2016-02-13,2015/2016,33,,,,,,,,,,,,,15,0,0,0,0,0.92,33.9,35.7,19.3,17.7
Moree,2016-02-20,2015/2016,34,,,,,,,,,,,,,15,0,0,0,0,0,37.5,41,18.4,13.9
Moree,2016-02-27,2015/2016,35,,,,,,,,,,,,,15,0,0,0,0,0.57,37.3,42.2,20.3,19.1
Moree,2016-03-05,2015/2016,36,,,,,,,,,,,,,15,0,0,0,0,0.01,36.9,39.1,22.2,20.9
Moree,2016-03-12,2015/2016,37,,,,,,,,,,,,,15,0,0,0,0,0,35.3,36.2,21.5,20.4
Moree,2016-03-19,2015/2016,38,,,,,,,,,,,,,14,0,0,0,0,3.07,34.9,37,21.6,20.9
Moree,2016-03-26,2015/2016,39,,,,,,,,,,,,,15,0,0,0,0,4.52,31.4,34.2,15.5,12.7
Moree,2016-04-02,2015/2016,40,,,,,,,,,,,,,15,0,0,0,0,2.18,32.1,34.2,16.6,11.8
Moree,2016-04-09,2015/2016,41,,,,,,,,,,,,,15,0,0,0,0,0.33,34.3,35.7,17.5,14.6
Moree,2016-04-16,2015/2016,42,,,,,,,,,,,,,,,,,,9.16,30.3,31.6,16.1,12.5
Moree,2016-04-23,2015/2016,43,,,,,,,,,,,,,,,,,,0.72,29.9,32.1,13.3,11.4
Moree,2016-04-30,2015/2016,44,,,,,,,,,,,,,,,,,,0.02,29,29.9,12.9,11.1
Moree,2016-05-07,2015/2016,45,,,,,,,,,,,,,,,,,,24.89,26.4,30.7,14.1,9.2
Moree,2016-05-14,2015/2016,46,,,,,,,,,,,,,,,,,,1.77,25,29.4,12.2,5.1
Moree,2016-05-21,2015/2016,47,,,,,,,,,,,,,,,,,,0.01,27.1,28.9,8.4,4.7
Moree,2016-05-28,2015/2016,48,,,,,,,,,,,,,,,,,,10.61,24.5,29.2,8.4,1.4
Wee Waa,2015-11-07,2015/2016,19,,,,,,,,,,,,,,,,,,76.73,29.7,32.7,18.4,17.5
Wee Waa,2015-11-14,2015/2016,20,,,,,,,,,,,,,,,,,,3.56,30.2,32.4,16.3,15.1
Wee Waa,2015-11-21,2015/2016,21,,,,,,,,,,,,,13,0,0,0,0,13.12,32.5,40.1,16.3,13.6
Wee Waa,2015-11-28,2015/2016,22,,,,,,,,,,,,,14,0,0,0,0,0,35.7,41.5,17.5,12.5
Wee Waa,2015-12-05,2015/2016,23,,,,,,,,,,,,,15,0,0,0,0,3.86,33.9,37.1,15.8,14.1
Wee Waa,2015-12-12,2015/2016,24,,,,,,,,,,,,,,,,,,6.61,35.7,38.4,19.7,15.9
Wee Waa,2015-12-19,2015/2016,25,,,,,,,,,,,,,15,0,0,0,0,14.32,33.8,37.7,18.7,15
Wee Waa,2015-12-26,2015/2016,26,,,,,,,,,,,,,15,0,0,0,0,8.86,33.1,36.3,19.9,17.2
Wee Waa,2016-01-02,2015/2016,27,,,,,,,,,,,,,,,,,,11.01,32.6,35.4,16.7,13.9
Wee Waa,2016-01-09,2015/2016,28,,,,,,,,,,,,,15,0,0,0,0,35.89,28.3,32,17.3,15.2
Wee Waa,2016-01-16,2015/2016,29,,,,,,,,,,,,,15,0,0,0,0,0.58,35,39.4,21,17.7
Wee Waa,2016-01-23,2015/2016,30,,,,,,,,,,,,,,,,,,9.77,33.7,39.3,18.2,14
Wee Waa,2016-01-30,2015/2016,31,,,,,,,,,,,,,,,,,,51.46,31.8,34.8,20.6,19.2
Wee Waa,2016-02-06,2015/2016,32,,,,,,,,,,,,,13,0,0,0,0,27.77,32,34.2,17.9,14.5
Wee Waa,2016-02-13,2015/2016,33,,,,,,,,,,,,,13,0,0,0,0,0.19,33.3,35.8,17.7,16
Wee Waa,2016-02-20,2015/2016,34,,,,,,,,,,,,,13,0,0,0,0,0.01,36.4,39.9,17,13.3
Wee Waa,2016-02-27,2015/2016,35,,,,,,,,,,,,,14,0,0,0,0,0.04,37.3,41.6,19.7,18.4
Wee Waa,2016-03-05,2015/2016,36,,,,,,,,,,,,,,,,,,0.02,36.1,37.4,20.6,18.9
Wee Waa,2016-03-12,2015/2016,37,,,,,,,,,,,,,14,0,0,0,0,0.01,35.3,36,21.5,20.2
Wee Waa,2016-03-19,2015/2016,38,,,,,,,,,,,,,14,0,0,0,0,6.57,33.1,36,20.4,19
Wee Waa,2016-03-26,2015/2016,39,,,,,,,,,,,,,13,0,0,0,0,5.17,29.9,32.6,14,12.6
Wee Waa,2016-04-02,2015/2016,40,,,,,,,,,,,,,,,,,,5.62,30.8,33.2,14.6,9.1
Wee Waa,2016-04-09,2015/2016,41,,,,,,,,,,,,,,,,,,0.15,33.1,34.3,16.5,11.6
Wee Waa,2016-04-16,2015/2016,42,,,,,,,,,,,,,,,,,,10.65,29.6,31.4,14.8,10.7
Wee Waa,2016-04-23,2015/2016,43,,,,,,,,,,,,,,,,,,4.45,28.4,30.6,12.4,10.3
Wee Waa,2016-04-30,2015/2016,44,,,,,,,,,,,,,,,,,,0.11,27.5,28.9,11.9,10.8
Wee Waa,2016-05-07,2015/2016,45,,,,,,,,,,,,,,,,,,21.71,24.6,27.8,13.4,8.6
Wee Waa,2016-05-14,2015/2016,46,,,,,,,,,,,,,,,,,,4.61,23.7,28.3,11.5,5.4
Wee Waa,2016-05-21,2015/2016,47,,,,,,,,,,,,,,,,,,0,24.9,26.7,8,4.3
Wee Waa,2016-05-28,2015/2016,48,,,,,,,,,,,,,,,,,,14.09,22.2,27.5,7,0.7
